url,language,type,source_path,source_exists,paired_ar,paired_en,paired_de,http,final_url,indexable,canonical,canonical_self,hreflang,reciprocal_hreflang,lastmod,title,description,h1_count,dir,visible_words_approx,images,images_missing_alt,broken_internal_page_links,jsonld_blocks,jsonld_parse_errors,google_index_state,bing_index_state,editorial_review,action
https://ahmedalhafiz.com/,ar,home,index.html,True,https://ahmedalhafiz.com/,https://ahmedalhafiz.com/en/,https://ahmedalhafiz.com/de/,200,https://ahmedalhafiz.com/,True,https://ahmedalhafiz.com/,True,"{""ar"":""https://ahmedalhafiz.com/"",""en"":""https://ahmedalhafiz.com/en/"",""de"":""https://ahmedalhafiz.com/de/"",""x-default"":""https://ahmedalhafiz.com/""}",True,2026-10-03,أحمد الحافظ — Ahmed Alhafiz | الموقع الرسمي,الموقع الرسمي للكاتب أحمد الحافظ — Ahmed Alhafiz: مؤلفاته قيد الإصدار، وأبحاثه ذات المصادر المعلنة في التاريخ والدين والعلم والنفس والمجتمع.,1,rtl,1829,8,0,[],1,0,not inspected individually,indexed on Oct 3 per Bing UI,manual type review plus automated,no technical fix indicated
https://ahmedalhafiz.com/about/,ar,author,about\index.html,True,https://ahmedalhafiz.com/about/,https://ahmedalhafiz.com/en/about/,https://ahmedalhafiz.com/de/about/,200,https://ahmedalhafiz.com/about/,True,https://ahmedalhafiz.com/about/,True,"{""ar"":""https://ahmedalhafiz.com/about/"",""en"":""https://ahmedalhafiz.com/en/about/"",""de"":""https://ahmedalhafiz.com/de/about/"",""x-default"":""https://ahmedalhafiz.com/about/""}",True,2026-09-26,الكاتب أحمد الحافظ — Ahmed Alhafiz | السيرة والمؤلفات,الصفحة الرسمية للكاتب أحمد الحافظ — Ahmed Alhafiz: مشروعه الكتابي، مؤلفاته قيد الإصدار، وملفاته البحثية العربية والإنجليزية.,1,rtl,483,6,0,[],1,0,not inspected individually,submitted once Oct 3; then discovered not crawled,manual type review plus automated,no technical fix indicated
https://ahmedalhafiz.com/articles/,ar,article-index,articles\index.html,True,https://ahmedalhafiz.com/articles/,https://ahmedalhafiz.com/en/articles/,https://ahmedalhafiz.com/de/articles/,200,https://ahmedalhafiz.com/articles/,True,https://ahmedalhafiz.com/articles/,True,"{""ar"":""https://ahmedalhafiz.com/articles/"",""en"":""https://ahmedalhafiz.com/en/articles/"",""de"":""https://ahmedalhafiz.com/de/articles/"",""x-default"":""https://ahmedalhafiz.com/articles/""}",True,2026-10-02,أبحاث أحمد الحافظ | ملفات ومصادر قابلة للتتبع,مركز أبحاث أحمد الحافظ: ملفات عربية وإنجليزية تميّز بين الادعاء والدليل والتفسير والاستنتاج، مع حدود ومراجع وحالة مراجعة معلنة.,1,rtl,2314,1,0,[],1,0,not inspected individually,not inspected individually,manual type review plus automated,rebuild research list from 48 to 51; pending PR
https://ahmedalhafiz.com/articles/adam-all-languages-origin-language/,ar,article,articles\adam-all-languages-origin-language\index.html,True,,,,200,https://ahmedalhafiz.com/articles/adam-all-languages-origin-language/,True,https://ahmedalhafiz.com/articles/adam-all-languages-origin-language/,True,{},True,2026-09-28,هل علّم الله آدم كل اللغات؟ التوقيف والاصطلاح | أحمد الحافظ,تحقيق في معنى وعلم آدم الأسماء كلها: هل تعني كل اللغات؟ وما الفرق بين تعليم الأسماء، وأصل القدرة اللغوية، وتاريخ العربية واللغات البشرية؟,1,rtl,2280,1,0,[],1,0,not inspected individually,not inspected individually,automated technical audit; editorial spot check by type,no technical fix indicated
https://ahmedalhafiz.com/articles/age-of-universe-13-8-billion-years/,ar,article,articles\age-of-universe-13-8-billion-years\index.html,True,,,,200,https://ahmedalhafiz.com/articles/age-of-universe-13-8-billion-years/,True,https://ahmedalhafiz.com/articles/age-of-universe-13-8-billion-years/,True,{},True,2026-09-28,كم عمر الكون؟ وكيف عرف العلماء أنه 13.8 مليار سنة؟ | أحمد الحافظ,شرح علمي موثق لكيفية حساب عمر الكون من التمدد والخلفية الميكروية ونموذج لامبدا سي دي إم، ولماذا لا تكفي قسمة المسافة على السرعة وحدها.,1,rtl,2063,1,0,[],1,0,not inspected individually,not inspected individually,automated technical audit; editorial spot check by type,no technical fix indicated
https://ahmedalhafiz.com/articles/ai-soul-consciousness-understanding-taklif/,ar,article,articles\ai-soul-consciousness-understanding-taklif\index.html,True,,,,200,https://ahmedalhafiz.com/articles/ai-soul-consciousness-understanding-taklif/,True,https://ahmedalhafiz.com/articles/ai-soul-consciousness-understanding-taklif/,True,{},True,2026-09-30,هل للذكاء الاصطناعي روح؟ الفهم والوعي والتكليف | أحمد الحافظ,هل للذكاء الاصطناعي روح أو تكليف؟ شرح الفرق بين الذكاء والفهم والوعي، وآيات الأمانة والعدل، والاختبار العلمي لأداء الآلة ومسؤولية البشر.,1,rtl,3744,1,0,[],1,0,not inspected individually,not inspected individually,automated technical audit; editorial spot check by type,no technical fix indicated
https://ahmedalhafiz.com/articles/anzalna-iron-meteorites/,ar,article,articles\anzalna-iron-meteorites\index.html,True,,,,200,https://ahmedalhafiz.com/articles/anzalna-iron-meteorites/,True,https://ahmedalhafiz.com/articles/anzalna-iron-meteorites/,True,{},True,2026-09-27,﴿وأنزلنا الحديد﴾: هل يتحدث القرآن عن النيازك؟ | أحمد الحافظ,هل تعني آية وأنزلنا الحديد أن الحديد نزل إلى الأرض في النيازك؟ تحقيق تفسيري وعلمي يفصل معنى الإنزال عن الأصل النجمي للحديد وتكوّن الأرض.,1,rtl,2044,1,0,[],1,0,not inspected individually,not inspected individually,automated technical audit; editorial spot check by type,no technical fix indicated
https://ahmedalhafiz.com/articles/before-big-bang-science-limits/,ar,article,articles\before-big-bang-science-limits\index.html,True,,,,200,https://ahmedalhafiz.com/articles/before-big-bang-science-limits/,True,https://ahmedalhafiz.com/articles/before-big-bang-science-limits/,True,{},True,2026-09-29,ماذا كان قبل الانفجار العظيم؟ حدود العلم وسؤال الخلق | أحمد الحافظ,هل كان شيء قبل الانفجار العظيم؟ شرح الفرق بين الكون الحار والتضخم والتفرد، وما تقترحه نماذج اللابداية والارتداد، وحدود استدلال الفيزياء على الخلق.,1,rtl,2604,1,0,[],1,0,not inspected individually,not inspected individually,automated technical audit; editorial spot check by type,no technical fix indicated
https://ahmedalhafiz.com/articles/brain-consciousness-spirit-limits/,ar,article,articles\brain-consciousness-spirit-limits\index.html,True,,,,200,https://ahmedalhafiz.com/articles/brain-consciousness-spirit-limits/,True,https://ahmedalhafiz.com/articles/brain-consciousness-spirit-limits/,True,{},True,2026-09-27,الدماغ والوعي والروح: حدود علم الأعصاب | أحمد الحافظ,تحقيق يفرّق بين اليقظة ومحتوى الخبرة وماهية الروح، ويعرض أدلة التخدير واضطرابات الوعي والنظريات المتنافسة بلا اختزال ديني أو مادي.,1,rtl,1732,1,0,[],1,0,not inspected individually,not inspected individually,automated technical audit; editorial spot check by type,no technical fix indicated
https://ahmedalhafiz.com/articles/civilization-knowledge-justice-collapse/,ar,article,articles\civilization-knowledge-justice-collapse\index.html,True,,,,200,https://ahmedalhafiz.com/articles/civilization-knowledge-justice-collapse/,True,https://ahmedalhafiz.com/articles/civilization-knowledge-justice-collapse/,True,{},True,2026-09-27,لماذا تنهار الحضارات؟ الماء والسلطة والعدل | أحمد الحافظ,تحقيق يربط الماء والفائض والكتابة والمؤسسة والعدل، ويفحص مصر وبلاد الرافدين وسبأ والحِجر من غير اختزال السقوط في سبب واحد.,1,rtl,2565,1,0,[],1,0,not inspected individually,not inspected individually,automated technical audit; editorial spot check by type,no technical fix indicated
https://ahmedalhafiz.com/articles/cyberbullying-university-rumor-stigma/,ar,article,articles\cyberbullying-university-rumor-stigma\index.html,True,,,,200,https://ahmedalhafiz.com/articles/cyberbullying-university-rumor-stigma/,True,https://ahmedalhafiz.com/articles/cyberbullying-university-rumor-stigma/,True,{},True,2026-10-02,التنمر الإلكتروني في الجامعة: الشائعات والوصمة | أحمد الحافظ,كيف تتحول رسائل مجموعة الجامعة إلى شائعة ووصمة؟ دليل للتعامل مع التنمر الإلكتروني، وقراءة مشهد مريم ورنا في رواية «أم عباس» لأحمد الحافظ.,1,rtl,2103,2,0,[],1,0,not inspected individually,not inspected individually,automated technical audit; editorial spot check by type,no technical fix indicated
https://ahmedalhafiz.com/articles/depersonalization-derealization-feeling-unreal/,ar,article,articles\depersonalization-derealization-feeling-unreal\index.html,True,,,,200,https://ahmedalhafiz.com/articles/depersonalization-derealization-feeling-unreal/,True,https://ahmedalhafiz.com/articles/depersonalization-derealization-feeling-unreal/,True,{},True,2026-10-01,تبدد الشخصية وتبدد الواقع: الأعراض والأسباب | أحمد الحافظ,لماذا أشعر أن جسدي أو العالم غريب؟ الفرق بين تبدد الشخصية وتبدد الواقع، والأعراض والأسباب وطلب المساعدة، مع قراءة مباشرة لرواية أم عباس.,1,rtl,2008,2,0,[],1,0,not inspected individually,not inspected individually,automated technical audit; editorial spot check by type,no technical fix indicated
https://ahmedalhafiz.com/articles/diagnostic-uncertainty-family-fear-coercive-authority/,ar,article,articles\diagnostic-uncertainty-family-fear-coercive-authority\index.html,True,https://ahmedalhafiz.com/articles/diagnostic-uncertainty-family-fear-coercive-authority/,https://ahmedalhafiz.com/en/articles/diagnostic-uncertainty-family-fear-coercive-authority/,,200,https://ahmedalhafiz.com/articles/diagnostic-uncertainty-family-fear-coercive-authority/,True,https://ahmedalhafiz.com/articles/diagnostic-uncertainty-family-fear-coercive-authority/,True,"{""ar"":""https://ahmedalhafiz.com/articles/diagnostic-uncertainty-family-fear-coercive-authority/"",""en"":""https://ahmedalhafiz.com/en/articles/diagnostic-uncertainty-family-fear-coercive-authority/"",""x-default"":""https://ahmedalhafiz.com/articles/diagnostic-uncertainty-family-fear-coercive-authority/""}",True,2026-09-02,حين يحكم الخوف قبل التشخيص: الغموض والإكراه | أحمد الحافظ,ملف بحثي يشرح كيف يحول الخوف والغموض الصحي داخل الأسرة عدم اليقين إلى تشخيص مبكر وإكراه، ويقترح مسارًا يحفظ التقييم والموافقة والدعم الطوعي.,1,rtl,3240,4,0,[],1,0,not inspected individually,not inspected individually,automated technical audit; editorial spot check by type,no technical fix indicated
https://ahmedalhafiz.com/articles/diagnostic-uncertainty-family-fear-coercive-authority/evidence/,ar,evidence,articles\diagnostic-uncertainty-family-fear-coercive-authority\evidence\index.html,True,https://ahmedalhafiz.com/articles/diagnostic-uncertainty-family-fear-coercive-authority/evidence/,https://ahmedalhafiz.com/en/articles/diagnostic-uncertainty-family-fear-coercive-authority/evidence/,,200,https://ahmedalhafiz.com/articles/diagnostic-uncertainty-family-fear-coercive-authority/evidence/,True,https://ahmedalhafiz.com/articles/diagnostic-uncertainty-family-fear-coercive-authority/evidence/,True,"{""ar"":""https://ahmedalhafiz.com/articles/diagnostic-uncertainty-family-fear-coercive-authority/evidence/"",""en"":""https://ahmedalhafiz.com/en/articles/diagnostic-uncertainty-family-fear-coercive-authority/evidence/"",""x-default"":""https://ahmedalhafiz.com/articles/diagnostic-uncertainty-family-fear-coercive-authority/evidence/""}",True,2026-09-02,سجل الادعاءات والأدلة: حين يحكم الخوف قبل التشخيص | أحمد الحافظ,سجل شفاف يربط ادعاءات ملف الخوف قبل التشخيص بمصادرها وحدودها ودرجات الثقة، ويميّز الوثائق الرسمية والدراسات السياقية عن التركيب التحليلي للمؤلف.,1,rtl,802,1,0,[],1,0,not inspected individually,not inspected individually,automated technical audit; editorial spot check by type,no technical fix indicated
https://ahmedalhafiz.com/articles/difference-light-nur-quran-sun-moon/,ar,article,articles\difference-light-nur-quran-sun-moon\index.html,True,,,,200,https://ahmedalhafiz.com/articles/difference-light-nur-quran-sun-moon/,True,https://ahmedalhafiz.com/articles/difference-light-nur-quran-sun-moon/,True,{},True,2026-09-30,الفرق بين الضوء والنور في القرآن: الشمس والقمر والهداية | أحمد الحافظ,الفرق بين ضياء الشمس ونور القمر في القرآن: تفسير الآيات، انعكاس الضوء وأطوار القمر، ومعنى الهداية في آية النور، من صفحات كتاب سيروا في الأرض.,1,rtl,3437,1,0,[],1,0,not inspected individually,not inspected individually,automated technical audit; editorial spot check by type,no technical fix indicated
https://ahmedalhafiz.com/articles/dna-code-genetic-information/,ar,article,articles\dna-code-genetic-information\index.html,True,,,,200,https://ahmedalhafiz.com/articles/dna-code-genetic-information/,True,https://ahmedalhafiz.com/articles/dna-code-genetic-information/,True,{},True,2026-09-28,هل DNA شيفرة فعلًا؟ معنى المعلومات داخل الخلية | أحمد الحافظ,هل الحمض النووي شيفرة أم مجرد تشبيه؟ شرح دقيق للشيفرة الوراثية والنسخ والترجمة والتنظيم، والفرق بين معلومات شانون والمعنى والوظيفة الحيوية.,1,rtl,2252,1,0,[],1,0,not inspected individually,not inspected individually,automated technical audit; editorial spot check by type,no technical fix indicated
https://ahmedalhafiz.com/articles/fall-of-baghdad-1258-ibn-al-alqami/,ar,article,articles\fall-of-baghdad-1258-ibn-al-alqami\index.html,True,https://ahmedalhafiz.com/articles/fall-of-baghdad-1258-ibn-al-alqami/,https://ahmedalhafiz.com/en/articles/fall-of-baghdad-1258-ibn-al-alqami/,https://ahmedalhafiz.com/de/articles/fall-von-bagdad-1258-ibn-al-alqami/,200,https://ahmedalhafiz.com/articles/fall-of-baghdad-1258-ibn-al-alqami/,True,https://ahmedalhafiz.com/articles/fall-of-baghdad-1258-ibn-al-alqami/,True,"{""ar"":""https://ahmedalhafiz.com/articles/fall-of-baghdad-1258-ibn-al-alqami/"",""en"":""https://ahmedalhafiz.com/en/articles/fall-of-baghdad-1258-ibn-al-alqami/"",""de"":""https://ahmedalhafiz.com/de/articles/fall-von-bagdad-1258-ibn-al-alqami/"",""x-default"":""https://ahmedalhafiz.com/articles/fall-of-baghdad-1258-ibn-al-alqami/""}",True,2026-09-25,سقوط بغداد 1258 وابن العلقمي | أحمد الحافظ,تحقيق موثق في أسباب سقوط بغداد سنة 1258، ودور هولاكو، وحدود روايات خيانة ابن العلقمي وتقليص جيش الخلافة.,1,rtl,2645,1,0,[],1,0,not inspected individually,not inspected individually,automated technical audit; editorial spot check by type,no technical fix indicated
https://ahmedalhafiz.com/articles/fall-of-baghdad-1258-ibn-al-alqami/evidence/,ar,evidence,articles\fall-of-baghdad-1258-ibn-al-alqami\evidence\index.html,True,,,,200,https://ahmedalhafiz.com/articles/fall-of-baghdad-1258-ibn-al-alqami/evidence/,True,https://ahmedalhafiz.com/articles/fall-of-baghdad-1258-ibn-al-alqami/evidence/,True,{},True,2026-10-03,أدلة سقوط بغداد 1258 وابن العلقمي | أحمد الحافظ,خريطة ادعاءات ومصادر توضح ما يثبت عن سقوط بغداد سنة 1258 ودور ابن العلقمي، مع درجات الثقة وملفات الاقتباس القابلة للتنزيل.,1,rtl,444,1,0,[],1,0,not inspected individually,not inspected individually,manual type review plus automated,remove false language switches; pending PR
https://ahmedalhafiz.com/articles/fear-physical-symptoms-umm-abbas/,ar,article,articles\fear-physical-symptoms-umm-abbas\index.html,True,,,,200,https://ahmedalhafiz.com/articles/fear-physical-symptoms-umm-abbas/,True,https://ahmedalhafiz.com/articles/fear-physical-symptoms-umm-abbas/,True,{},True,2026-10-02,هل يسبب الخوف أعراضًا جسدية حقيقية؟ قراءة في جسد مريم في «أم عباس» | أحمد الحافظ,هل يمكن للخوف أن يسبب خفقانًا ورجفة وغثيانًا حقيقيًا؟ شرح طبي بحدود واضحة، وقراءة لمشهد مريم في رواية «أم عباس» لأحمد الحافظ.,1,rtl,2167,2,0,[],1,0,not inspected individually,not inspected individually,automated technical audit; editorial spot check by type,no technical fix indicated
https://ahmedalhafiz.com/articles/functional-seizures-vs-epilepsy/,ar,article,articles\functional-seizures-vs-epilepsy\index.html,True,,,,200,https://ahmedalhafiz.com/articles/functional-seizures-vs-epilepsy/,True,https://ahmedalhafiz.com/articles/functional-seizures-vs-epilepsy/,True,{},True,2026-09-01,النوبات الوظيفية والصرع: كيف يفرّق الأطباء بينهما؟ | أحمد الحافظ,تقرير طبي موثق يشرح الفرق بين النوبات الوظيفية ونوبات الصرع، ودور القصة والشهود والفيديو وتخطيط الدماغ، والعلاج وحدود التشخيص من مقطع واحد.,1,rtl,2827,2,0,[],1,0,not inspected individually,not inspected individually,automated technical audit; editorial spot check by type,remove dangling source phrase; pending PR
https://ahmedalhafiz.com/articles/green-tree-fire-photosynthesis/,ar,article,articles\green-tree-fire-photosynthesis\index.html,True,,,,200,https://ahmedalhafiz.com/articles/green-tree-fire-photosynthesis/,True,https://ahmedalhafiz.com/articles/green-tree-fire-photosynthesis/,True,{},True,2026-09-27,﴿من الشجر الأخضر نارًا﴾: ماذا تعني الآية؟ | أحمد الحافظ,تحقيق في معنى الذي جعل لكم من الشجر الأخضر نارًا: سياق البعث، وتفسير المرخ والعفار والحطب، وعلاقة البناء الضوئي بالطاقة الكيميائية والاحتراق بلا مبالغة.,1,rtl,1946,1,0,[],1,0,not inspected individually,not inspected individually,automated technical audit; editorial spot check by type,no technical fix indicated
https://ahmedalhafiz.com/articles/hearing-voices-in-head/,ar,article,articles\hearing-voices-in-head\index.html,True,,,,200,https://ahmedalhafiz.com/articles/hearing-voices-in-head/,True,https://ahmedalhafiz.com/articles/hearing-voices-in-head/,True,{},True,2026-10-01,سماع أصوات في الرأس: الأسباب وحدود تفسير المسّ | أحمد الحافظ,ما أسباب سماع الأصوات؟ وما الفرق عن الأفكار الاقتحامية وتجارب النوم؟ مصادر طبية ودراستان، مع قراءة للهامش المظلم في رواية أم عباس وحدود تفسير المسّ.,1,rtl,2417,2,0,[],1,0,not inspected individually,not inspected individually,automated technical audit; editorial spot check by type,no technical fix indicated
https://ahmedalhafiz.com/articles/hexagram-magic-seal-of-solomon-umm-abbas/,ar,article,articles\hexagram-magic-seal-of-solomon-umm-abbas\index.html,True,,,,200,https://ahmedalhafiz.com/articles/hexagram-magic-seal-of-solomon-umm-abbas/,True,https://ahmedalhafiz.com/articles/hexagram-magic-seal-of-solomon-umm-abbas/,True,{},True,2026-10-02,النجمة السداسية: هل تدل على السحر؟ وما معنى خاتم سليمان؟ | أحمد الحافظ,هل وجود النجمة السداسية على ورقة يعني أنها طلسم؟ شواهد متحفية، وحدود النص القرآني، وقراءة انتقال الرمز من فيديو إلى دفتر مريم في رواية أم عباس.,1,rtl,2216,2,0,[],1,0,not inspected individually,not inspected individually,automated technical audit; editorial spot check by type,no technical fix indicated
https://ahmedalhafiz.com/articles/how-certainty-becomes-violence/,ar,article,articles\how-certainty-becomes-violence\index.html,True,https://ahmedalhafiz.com/articles/how-certainty-becomes-violence/,https://ahmedalhafiz.com/en/articles/how-certainty-becomes-violence/,https://ahmedalhafiz.com/de/articles/wie-gewissheit-zu-gewalt-wird/,200,https://ahmedalhafiz.com/articles/how-certainty-becomes-violence/,True,https://ahmedalhafiz.com/articles/how-certainty-becomes-violence/,True,"{""ar"":""https://ahmedalhafiz.com/articles/how-certainty-becomes-violence/"",""en"":""https://ahmedalhafiz.com/en/articles/how-certainty-becomes-violence/"",""de"":""https://ahmedalhafiz.com/de/articles/wie-gewissheit-zu-gewalt-wird/"",""x-default"":""https://ahmedalhafiz.com/articles/how-certainty-becomes-violence/""}",True,2026-09-25,كيف يتحول يقين الجماعة إلى عنف؟ | أحمد الحافظ,شرح بحثي لسبع آليات نفسية واجتماعية قد تنقل جماعة من الانتماء واليقين المغلق إلى العنف، مع حدود الأدلة والتحذير من التعميم.,1,rtl,1613,1,0,[],1,0,not inspected individually,not inspected individually,automated technical audit; editorial spot check by type,no technical fix indicated
https://ahmedalhafiz.com/articles/how-certainty-becomes-violence/evidence/,ar,evidence,articles\how-certainty-becomes-violence\evidence\index.html,True,,,,200,https://ahmedalhafiz.com/articles/how-certainty-becomes-violence/evidence/,True,https://ahmedalhafiz.com/articles/how-certainty-becomes-violence/evidence/,True,{},True,2026-10-03,أدلة اليقين الجماعي والعنف | أحمد الحافظ,خريطة ادعاءات ومصادر لآليات اليقين الجماعي والعنف، مع تصنيف نوع الدليل ودرجة الثقة وحدود التعميم وملفات الاقتباس القابلة للتنزيل.,1,rtl,233,1,0,[],1,0,not inspected individually,not inspected individually,automated technical audit; editorial spot check by type,remove false language switches; pending PR
https://ahmedalhafiz.com/articles/how-concepts-form-adam-names-scientific-models/,ar,article,articles\how-concepts-form-adam-names-scientific-models\index.html,True,,,,200,https://ahmedalhafiz.com/articles/how-concepts-form-adam-names-scientific-models/,True,https://ahmedalhafiz.com/articles/how-concepts-form-adam-names-scientific-models/,True,{},True,2026-09-30,كيف تتكوّن المفاهيم؟ من تعليم آدم إلى النموذج العلمي | أحمد الحافظ,من تعليم آدم الأسماء إلى اختبار النماذج العلمية: كيف تتكوّن المفاهيم؟ قراءة في التفسير وأبحاث التصنيف والجدول الدوري وضوء النجوم من صفحات الكتاب 39–43.,1,rtl,3273,1,0,[],1,0,not inspected individually,not inspected individually,automated technical audit; editorial spot check by type,no technical fix indicated
https://ahmedalhafiz.com/articles/how-khufu-pyramid-built-merer-diary/,ar,article,articles\how-khufu-pyramid-built-merer-diary\index.html,True,,,,200,https://ahmedalhafiz.com/articles/how-khufu-pyramid-built-merer-diary/,True,https://ahmedalhafiz.com/articles/how-khufu-pyramid-built-merer-diary/,True,{},True,2026-09-27,كيف بُني هرم خوفو؟ ما الذي تكشفه يوميات مرر؟ | أحمد الحافظ,تحقيق في يوميات مرر وبرديات وادي الجرف: كيف نُقل حجر طرة بالقوارب إلى هرم خوفو، وما الذي تثبته الوثائق وما لا تقوله عن رفع الكتل والعمال.,1,rtl,1810,1,0,[],1,0,not inspected individually,not inspected individually,automated technical audit; editorial spot check by type,no technical fix indicated
https://ahmedalhafiz.com/articles/human-embryo-quran-stages/,ar,article,articles\human-embryo-quran-stages\index.html,True,,,,200,https://ahmedalhafiz.com/articles/human-embryo-quran-stages/,True,https://ahmedalhafiz.com/articles/human-embryo-quran-stages/,True,{},True,2026-09-27,مراحل خلق الجنين في القرآن: قراءة علمية بلا مبالغة | أحمد الحافظ,قراءة لغوية وتفسيرية وعلمية للنطفة والعلقة والمضغة، تشرح تداخل نمو العظم والعضل وتفصل بين دلالة النص وما يضيفه التصوير الحديث.,1,rtl,2270,1,0,[],1,0,not inspected individually,not inspected individually,automated technical audit; editorial spot check by type,no technical fix indicated
https://ahmedalhafiz.com/articles/injustice-fall-of-states-quran-history/,ar,article,articles\injustice-fall-of-states-quran-history\index.html,True,,,,200,https://ahmedalhafiz.com/articles/injustice-fall-of-states-quran-history/,True,https://ahmedalhafiz.com/articles/injustice-fall-of-states-quran-history/,True,{},True,2026-09-28,هل الظلم سبب سقوط الدول؟ جواب قرآني وتاريخي | أحمد الحافظ,هل تسقط الدول بسبب الظلم؟ تحقيق يفرق بين الحكم القرآني وآليات انهيار الثقة والمؤسسات وبين التفسير التاريخي المركب، بلا تبسيط أو توقيت غيبي.,1,rtl,2236,1,0,[],1,0,not inspected individually,not inspected individually,automated technical audit; editorial spot check by type,no technical fix indicated
https://ahmedalhafiz.com/articles/iron-fire-light-matter-energy/,ar,article,articles\iron-fire-light-matter-energy\index.html,True,,,,200,https://ahmedalhafiz.com/articles/iron-fire-light-matter-energy/,True,https://ahmedalhafiz.com/articles/iron-fire-light-matter-energy/,True,{},True,2026-09-27,الحديد والنار والنور: من مادة الكون إلى أمانة الحضارة | أحمد الحافظ,من نشأة الحديد في النجوم إلى الفولاذ، ومن الاحتراق إلى البرق والاندماج الشمسي: كيف يشرح العلم الكيفية ويضع القرآن القوة تحت الميزان والقسط؟,1,rtl,1852,1,0,[],1,0,not inspected individually,not inspected individually,automated technical audit; editorial spot check by type,no technical fix indicated
https://ahmedalhafiz.com/articles/jinn-demons-quran-bible-torah/,ar,article,articles\jinn-demons-quran-bible-torah\index.html,True,,,,200,https://ahmedalhafiz.com/articles/jinn-demons-quran-bible-torah/,True,https://ahmedalhafiz.com/articles/jinn-demons-quran-bible-torah/,True,{},True,2026-10-01,الجن والشياطين في القرآن والإنجيل والتوراة | أحمد الحافظ,هل الجن والشياطين مفهوم واحد في القرآن والإنجيل والتوراة؟ مقارنة النصوص والترجمات وحدود تفسير الأعراض، وصلتها برواية أم عباس.,1,rtl,2735,2,0,[],1,0,not inspected individually,not inspected individually,automated technical audit; editorial spot check by type,no technical fix indicated
https://ahmedalhafiz.com/articles/jinn-existence-quran-sunnah/,ar,article,articles\jinn-existence-quran-sunnah\index.html,True,,,,200,https://ahmedalhafiz.com/articles/jinn-existence-quran-sunnah/,True,https://ahmedalhafiz.com/articles/jinn-existence-quran-sunnah/,True,{},True,2026-10-01,هل الجن موجود؟ القرآن والسنة وحدود الاستدلال على المسّ | أحمد الحافظ,أدلة وجود الجن في القرآن والسنة، وتفسير آية المسّ وحديث مجرى الدم، مع حدود التشخيص الطبي وصلة مباشرة بالهوامش المظلمة في رواية أم عباس.,1,rtl,2257,2,0,[],1,0,not inspected individually,not inspected individually,automated technical audit; editorial spot check by type,no technical fix indicated
https://ahmedalhafiz.com/articles/juhayman-grand-mosque-1979/,ar,article,articles\juhayman-grand-mosque-1979\index.html,True,https://ahmedalhafiz.com/articles/juhayman-grand-mosque-1979/,https://ahmedalhafiz.com/en/articles/juhayman-grand-mosque-1979/,https://ahmedalhafiz.com/de/articles/dschuhaiman-grosse-moschee-1979/,200,https://ahmedalhafiz.com/articles/juhayman-grand-mosque-1979/,True,https://ahmedalhafiz.com/articles/juhayman-grand-mosque-1979/,True,"{""ar"":""https://ahmedalhafiz.com/articles/juhayman-grand-mosque-1979/"",""en"":""https://ahmedalhafiz.com/en/articles/juhayman-grand-mosque-1979/"",""de"":""https://ahmedalhafiz.com/de/articles/dschuhaiman-grosse-moschee-1979/"",""x-default"":""https://ahmedalhafiz.com/articles/juhayman-grand-mosque-1979/""}",True,2026-09-25,جهيمان واقتحام الحرم المكي 1979 | أحمد الحافظ,تحقيق موثق في واقعة الحرم المكي سنة 1979، وما ثبت عن جهيمان والقحطاني، وكيف انتقلت الجماعة من أخبار المهدي إلى السلاح.,1,rtl,1678,1,0,[],1,0,not inspected individually,not inspected individually,automated technical audit; editorial spot check by type,no technical fix indicated
https://ahmedalhafiz.com/articles/juhayman-grand-mosque-1979/evidence/,ar,evidence,articles\juhayman-grand-mosque-1979\evidence\index.html,True,,,,200,https://ahmedalhafiz.com/articles/juhayman-grand-mosque-1979/evidence/,True,https://ahmedalhafiz.com/articles/juhayman-grand-mosque-1979/evidence/,True,{},True,2026-10-03,أدلة حادثة جهيمان والحرم 1979 | أحمد الحافظ,خريطة ادعاءات ومصادر لحادثة جهيمان واقتحام الحرم سنة 1979، تفصل الوقائع الثابتة عن المختلف فيه وتوفر ملفات اقتباس قابلة للتنزيل.,1,rtl,299,1,0,[],1,0,not inspected individually,not inspected individually,automated technical audit; editorial spot check by type,remove false language switches; pending PR
https://ahmedalhafiz.com/articles/madain-salih-thamud-nabataean-tombs/,ar,article,articles\madain-salih-thamud-nabataean-tombs\index.html,True,,,,200,https://ahmedalhafiz.com/articles/madain-salih-thamud-nabataean-tombs/,True,https://ahmedalhafiz.com/articles/madain-salih-thamud-nabataean-tombs/,True,{},True,2026-09-28,هل مدائن صالح هي ديار ثمود؟ الآثار تجيب | أحمد الحافظ,تحقيق يفرق بين الحِجر المرتبط بثمود في القرآن والحديث، وبين المقابر والواجهات النبطية الباقية في مدائن صالح، ويوضح ما تثبته الآثار وما لا تثبته.,1,rtl,1924,2,0,[],1,0,not inspected individually,not inspected individually,automated technical audit; editorial spot check by type,no technical fix indicated
https://ahmedalhafiz.com/articles/madain-salih-thamud-nabataean-tombs/evidence/,ar,evidence,articles\madain-salih-thamud-nabataean-tombs\evidence\index.html,True,,,,200,https://ahmedalhafiz.com/articles/madain-salih-thamud-nabataean-tombs/evidence/,True,https://ahmedalhafiz.com/articles/madain-salih-thamud-nabataean-tombs/evidence/,True,{},True,2026-09-28,ملحق الادعاءات والأدلة: مدائن صالح وثمود | أحمد الحافظ,سجل مختصر يربط الادعاءات الأساسية في تحقيق مدائن صالح وثمود بالمصادر الدينية والأثرية المعلنة.,1,rtl,157,1,0,[],1,0,not inspected individually,not inspected individually,automated technical audit; editorial spot check by type,no technical fix indicated
https://ahmedalhafiz.com/articles/marib-dam-sayl-al-arim/,ar,article,articles\marib-dam-sayl-al-arim\index.html,True,,,,200,https://ahmedalhafiz.com/articles/marib-dam-sayl-al-arim/,True,https://ahmedalhafiz.com/articles/marib-dam-sayl-al-arim/,True,{},True,2026-09-27,سد مأرب وسيل العرم: ماذا يقول القرآن وماذا تثبت الآثار؟ | أحمد الحافظ,تحقيق في قصة سبأ وسيل العرم وسد مأرب: ما يثبته القرآن والتفسير، وما تكشفه النقوش والآثار عن الري والإصلاحات والانهيار، وما يبقى غير محسوم.,1,rtl,2104,1,0,[],1,0,not inspected individually,not inspected individually,automated technical audit; editorial spot check by type,no technical fix indicated
https://ahmedalhafiz.com/articles/memory-gaps-unremembered-actions/,ar,article,articles\memory-gaps-unremembered-actions\index.html,True,,,,200,https://ahmedalhafiz.com/articles/memory-gaps-unremembered-actions/,True,https://ahmedalhafiz.com/articles/memory-gaps-unremembered-actions/,True,{},True,2026-10-01,فجوات الذاكرة: لماذا أفعل أشياء لا أتذكرها؟ | أحمد الحافظ,لماذا أفعل أشياء لا أتذكرها؟ أسباب فجوات الذاكرة وعلاقتها بالنوم وفقدان الذاكرة التفككي، وحدود تفسيرها بالمسّ في رواية أم عباس.,1,rtl,2662,2,0,[],1,0,not inspected individually,not inspected individually,automated technical audit; editorial spot check by type,no technical fix indicated
https://ahmedalhafiz.com/articles/mesopotamia-irrigation-soil-salinity-collapse/,ar,article,articles\mesopotamia-irrigation-soil-salinity-collapse\index.html,True,,,,200,https://ahmedalhafiz.com/articles/mesopotamia-irrigation-soil-salinity-collapse/,True,https://ahmedalhafiz.com/articles/mesopotamia-irrigation-soil-salinity-collapse/,True,{},True,2026-09-29,هل أسقط الملح حضارة بلاد الرافدين؟ الري وملوحة التربة | أحمد الحافظ,لماذا تملحت تربة بلاد الرافدين؟ آلية الري والصرف، شواهد سومر، والجدل حول سقوط الحضارات، مع قراءة قرآنية سياقية مرتبطة بكتاب قل سيروا في الأرض.,1,rtl,3924,1,0,[],1,0,not inspected individually,not inspected individually,automated technical audit; editorial spot check by type,no technical fix indicated
https://ahmedalhafiz.com/articles/nile-ancient-egypt-flood-calendar-state/,ar,article,articles\nile-ancient-egypt-flood-calendar-state\index.html,True,,,,200,https://ahmedalhafiz.com/articles/nile-ancient-egypt-flood-calendar-state/,True,https://ahmedalhafiz.com/articles/nile-ancient-egypt-flood-calendar-state/,True,{},True,2026-09-29,النيل وحضارة مصر القديمة: الفيضان والحساب وفرعون | أحمد الحافظ,كيف أسهم فيضان النيل في زراعة مصر وتقويمها وحساباتها؟ شواهد حجر باليرمو وبردية ريند وحقانخت، وقراءة آية ﴿وهذه الأنهار تجري من تحتي﴾ في سياقها.,1,rtl,3000,1,0,[],1,0,not inspected individually,not inspected individually,automated technical audit; editorial spot check by type,no technical fix indicated
https://ahmedalhafiz.com/articles/possession-or-neurological-psychological-disorder/,ar,article,articles\possession-or-neurological-psychological-disorder\index.html,True,https://ahmedalhafiz.com/articles/possession-or-neurological-psychological-disorder/,https://ahmedalhafiz.com/en/articles/possession-or-neurological-psychological-disorder/,https://ahmedalhafiz.com/de/articles/possession-or-neurological-psychological-disorder/,200,https://ahmedalhafiz.com/articles/possession-or-neurological-psychological-disorder/,True,https://ahmedalhafiz.com/articles/possession-or-neurological-psychological-disorder/,True,"{""ar"":""https://ahmedalhafiz.com/articles/possession-or-neurological-psychological-disorder/"",""en"":""https://ahmedalhafiz.com/en/articles/possession-or-neurological-psychological-disorder/"",""de"":""https://ahmedalhafiz.com/de/articles/possession-or-neurological-psychological-disorder/"",""x-default"":""https://ahmedalhafiz.com/articles/possession-or-neurological-psychological-disorder/""}",True,2026-09-23,المس أم مرض نفسي أو عصبي؟ لماذا قد تتشابه الأعراض؟ | أحمد الحافظ,دليل يشرح لماذا قد تتشابه أعراض تُفسر روحيًا مع اضطرابات نفسية أو عصبية، وما الذي يثبته الطب وما الذي يبقى تفسيرًا ثقافيًا أو سؤالًا روائيًا.,1,rtl,1668,1,0,[],1,0,not inspected individually,not inspected individually,automated technical audit; editorial spot check by type,no technical fix indicated
https://ahmedalhafiz.com/articles/quran-day-thousand-fifty-thousand-years-relativity/,ar,article,articles\quran-day-thousand-fifty-thousand-years-relativity\index.html,True,,,,200,https://ahmedalhafiz.com/articles/quran-day-thousand-fifty-thousand-years-relativity/,True,https://ahmedalhafiz.com/articles/quran-day-thousand-fifty-thousand-years-relativity/,True,{},True,2026-09-28,يوم عند الله كألف سنة وخمسين ألف سنة: التفسير والنسبية | أحمد الحافظ,ما الفرق بين يوم كألف سنة في الحج والسجدة ويوم بخمسين ألف سنة في المعارج؟ أقوال المفسرين، وحديث الدجال، وما تثبته الساعات الذرية عن نسبية الزمن.,1,rtl,2030,1,0,[],1,0,not inspected individually,not inspected individually,automated technical audit; editorial spot check by type,no technical fix indicated
https://ahmedalhafiz.com/articles/quran-science-method-evidence/,ar,article,articles\quran-science-method-evidence\index.html,True,,,,200,https://ahmedalhafiz.com/articles/quran-science-method-evidence/,True,https://ahmedalhafiz.com/articles/quran-science-method-evidence/,True,{},True,2026-09-27,الإعجاز العلمي في القرآن: الدليل والتكلّف | أحمد الحافظ,منهج عملي يفرّق بين نص القرآن وتفسيره والبيانات والنماذج العلمية، ويبيّن متى تكون المقارنة معتبرة ومتى تتحول إلى تكلّف يضر بالنص والعلم.,1,rtl,2592,1,0,[],1,0,not inspected individually,not inspected individually,automated technical audit; editorial spot check by type,no technical fix indicated
https://ahmedalhafiz.com/articles/ratq-fatq-big-bang/,ar,article,articles\ratq-fatq-big-bang\index.html,True,https://ahmedalhafiz.com/articles/ratq-fatq-big-bang/,https://ahmedalhafiz.com/en/articles/ratq-fatq-big-bang/,,200,https://ahmedalhafiz.com/articles/ratq-fatq-big-bang/,True,https://ahmedalhafiz.com/articles/ratq-fatq-big-bang/,True,"{""ar"":""https://ahmedalhafiz.com/articles/ratq-fatq-big-bang/"",""en"":""https://ahmedalhafiz.com/en/articles/ratq-fatq-big-bang/"",""x-default"":""https://ahmedalhafiz.com/en/articles/ratq-fatq-big-bang/""}",True,2026-09-29,هل الرتق والفتق هو الانفجار العظيم؟ | أحمد الحافظ,قراءة في الأنبياء 30: لماذا رجّح الطبري المطر والنبات، وماذا تثبت أدلة الكون الحار؟ تحقيق مرتبط بكتاب «قل سيروا في الأرض» يميز التدبر من دعوى التطابق العلمي.,1,rtl,2938,1,0,[],1,0,not inspected individually,not inspected individually,automated technical audit; editorial spot check by type,no technical fix indicated
https://ahmedalhafiz.com/articles/ratq-fatq-big-bang/evidence/,ar,evidence,articles\ratq-fatq-big-bang\evidence\index.html,True,https://ahmedalhafiz.com/articles/ratq-fatq-big-bang/evidence/,https://ahmedalhafiz.com/en/articles/ratq-fatq-big-bang/evidence/,,200,https://ahmedalhafiz.com/articles/ratq-fatq-big-bang/evidence/,True,https://ahmedalhafiz.com/articles/ratq-fatq-big-bang/evidence/,True,"{""ar"":""https://ahmedalhafiz.com/articles/ratq-fatq-big-bang/evidence/"",""en"":""https://ahmedalhafiz.com/en/articles/ratq-fatq-big-bang/evidence/"",""x-default"":""https://ahmedalhafiz.com/en/articles/ratq-fatq-big-bang/evidence/""}",True,2026-09-06,ملحق أدلة الرتق والفتق والانفجار العظيم | أحمد الحافظ,دفتر الادعاءات والأدلة للملف البحثي عن الرتق والفتق والانفجار العظيم: مصادر كل ادعاء، نوع الدليل، درجة الثقة، الاعتراض، وحدود الاستنتاج.,1,rtl,868,2,0,[],1,0,not inspected individually,not inspected individually,automated technical audit; editorial spot check by type,no technical fix indicated
https://ahmedalhafiz.com/articles/religious-ocd-scrupulosity/,ar,article,articles\religious-ocd-scrupulosity\index.html,True,,,,200,https://ahmedalhafiz.com/articles/religious-ocd-scrupulosity/,True,https://ahmedalhafiz.com/articles/religious-ocd-scrupulosity/,True,{},True,2026-09-26,الوسواس القهري الديني أم ضعف إيمان؟ العلامات والعلاج | أحمد الحافظ,دليل موثق يشرح الوسواس القهري الديني: الفرق بين العبادة والوسواس، الأفكار الاقتحامية، التكرار وطلب الطمأنة، وعلاج CBT مع التعرض ومنع الاستجابة.,1,rtl,1171,1,0,[],1,0,not inspected individually,not inspected individually,automated technical audit; editorial spot check by type,no technical fix indicated
https://ahmedalhafiz.com/articles/river-civilizations-water-state/,ar,article,articles\river-civilizations-water-state\index.html,True,,,,200,https://ahmedalhafiz.com/articles/river-civilizations-water-state/,True,https://ahmedalhafiz.com/articles/river-civilizations-water-state/,True,{},True,2026-09-28,حضارات الأنهار: من الماء إلى الدولة | أحمد الحافظ,تحقيق يشرح كيف ساعد الماء والزراعة والفائض والنقل في نشوء المدن والدول، ولماذا لا يكفي النهر وحده لصنع حضارة.,1,rtl,1995,1,0,[],1,0,not inspected individually,not inspected individually,automated technical audit; editorial spot check by type,no technical fix indicated
https://ahmedalhafiz.com/articles/six-days-creation-cosmic-time/,ar,article,articles\six-days-creation-cosmic-time\index.html,True,,,,200,https://ahmedalhafiz.com/articles/six-days-creation-cosmic-time/,True,https://ahmedalhafiz.com/articles/six-days-creation-cosmic-time/,True,{},True,2026-09-30,خلق السماوات والأرض في ستة أيام: معنى اليوم وعمر الكون | أحمد الحافظ,خلق السماوات والأرض في ستة أيام: أقوال المفسرين في مقدار اليوم، وحساب سورة فصلت، وما يثبته عمر الكون من غير مطابقة قسرية.,1,rtl,2767,1,0,[],1,0,not inspected individually,not inspected individually,automated technical audit; editorial spot check by type,no technical fix indicated
https://ahmedalhafiz.com/articles/sleep-paralysis-jathoom/,ar,article,articles\sleep-paralysis-jathoom\index.html,True,,,,200,https://ahmedalhafiz.com/articles/sleep-paralysis-jathoom/,True,https://ahmedalhafiz.com/articles/sleep-paralysis-jathoom/,True,{},True,2026-09-01,شلل النوم والجاثوم: لماذا نشعر بوجود كائن في الغرفة؟ | أحمد الحافظ,تقرير طبي وثقافي موثق يشرح شلل النوم والجاثوم، وثقل الصدر والإحساس بوجود شخص، وعلاقة نوم REM بالهلوسات، ومتى تستدعي الحالة مراجعة الطبيب.,1,rtl,2483,2,0,[],1,0,0 clicks; 78 impressions Sep 21-29 in GSC URL filter,submitted once Oct 3; then discovered not crawled,manual type review plus automated,remove dangling source phrase; pending PR
https://ahmedalhafiz.com/articles/sleepwalking-why-no-memory/,ar,article,articles\sleepwalking-why-no-memory\index.html,True,,,,200,https://ahmedalhafiz.com/articles/sleepwalking-why-no-memory/,True,https://ahmedalhafiz.com/articles/sleepwalking-why-no-memory/,True,{},True,2026-10-02,المشي أثناء النوم: لماذا لا أتذكر ما فعلته؟ | أحمد الحافظ,تستيقظ في مكان آخر ولا تذكر كيف وصلت؟ تعرّف إلى المشي أثناء النوم وحدود النسيان كدليل، واقرأ مشاهد مريم وسجل أبيها في رواية «أم عباس».,1,rtl,2337,2,0,[],1,0,not inspected individually,not inspected individually,automated technical audit; editorial spot check by type,no technical fix indicated
https://ahmedalhafiz.com/articles/spiritual-healing-exploitation-safeguarding/,ar,article,articles\spiritual-healing-exploitation-safeguarding\index.html,True,,,,200,https://ahmedalhafiz.com/articles/spiritual-healing-exploitation-safeguarding/,True,https://ahmedalhafiz.com/articles/spiritual-healing-exploitation-safeguarding/,True,{},True,2026-09-02,استغلال العلاج الروحي وحماية الأسرة | أحمد الحافظ,تقرير موثق يميز بين الدعم الديني الطوعي وبين الدجل والإكراه والعزل والاستغلال المالي والاعتداء، ويقدم للأسرة خطة حماية لا تؤخر العلاج الطبي.,1,rtl,2792,2,0,[],1,0,not inspected individually,not inspected individually,automated technical audit; editorial spot check by type,remove dangling source phrase; pending PR
https://ahmedalhafiz.com/articles/teaching-names-ai-understanding/,ar,article,articles\teaching-names-ai-understanding\index.html,True,https://ahmedalhafiz.com/articles/teaching-names-ai-understanding/,https://ahmedalhafiz.com/en/articles/teaching-names-ai-understanding/,,200,https://ahmedalhafiz.com/articles/teaching-names-ai-understanding/,True,https://ahmedalhafiz.com/articles/teaching-names-ai-understanding/,True,"{""ar"":""https://ahmedalhafiz.com/articles/teaching-names-ai-understanding/"",""en"":""https://ahmedalhafiz.com/en/articles/teaching-names-ai-understanding/"",""x-default"":""https://ahmedalhafiz.com/en/articles/teaching-names-ai-understanding/""}",True,2026-09-27,تعليم الأسماء والذكاء الاصطناعي: الفهم والمسؤولية | أحمد الحافظ,دراسة في تعليم الأسماء وفهم الذكاء الاصطناعي: ست طبقات تفصل الرمز والتعميم والتأريض والنموذج السببي والقصد، مع تحقيق البقرة 30–33 وأدلة النماذج الحديثة.,1,rtl,3958,2,0,[],1,0,not inspected individually,not inspected individually,automated technical audit; editorial spot check by type,no technical fix indicated
https://ahmedalhafiz.com/articles/turing-test-ai-consciousness/,ar,article,articles\turing-test-ai-consciousness\index.html,True,,,,200,https://ahmedalhafiz.com/articles/turing-test-ai-consciousness/,True,https://ahmedalhafiz.com/articles/turing-test-ai-consciousness/,True,{},True,2026-09-28,هل اختبار تورنغ يثبت أن الذكاء الاصطناعي واعٍ؟ | أحمد الحافظ,تحقيق يشرح ما يقيسه اختبار تورنغ، ولماذا لا يثبت الوعي أو الفهم أو النية، وكيف نقرأ نجاح النماذج اللغوية فيه بلا تهويل ولا إنكار.,1,rtl,1853,1,0,[],1,0,not inspected individually,not inspected individually,automated technical audit; editorial spot check by type,no technical fix indicated
https://ahmedalhafiz.com/articles/umm-abbas-family-fear/,ar,article,articles\umm-abbas-family-fear\index.html,True,,,,200,https://ahmedalhafiz.com/articles/umm-abbas-family-fear/,True,https://ahmedalhafiz.com/articles/umm-abbas-family-fear/,True,{},True,2026-10-01,أم عباس: رواية رعب نفسي عن الخوف داخل الأسرة | أحمد الحافظ,قراءة في رواية أم عباس لأحمد الحافظ: كيف يصبح الخوف داخل الأسرة صراعًا على صوت مريم، بين الطبيب والدعم الديني وسلطة الدجل؟,1,rtl,1243,2,0,[],1,0,not inspected individually,not inspected individually,automated technical audit; editorial spot check by type,no technical fix indicated
https://ahmedalhafiz.com/articles/universe-expansion-wa-inna-lamusiun/,ar,article,articles\universe-expansion-wa-inna-lamusiun\index.html,True,,,,200,https://ahmedalhafiz.com/articles/universe-expansion-wa-inna-lamusiun/,True,https://ahmedalhafiz.com/articles/universe-expansion-wa-inna-lamusiun/,True,{},True,2026-09-30,هل الكون يتمدد؟ ﴿وإنا لموسعون﴾ في التفسير والفلك | أحمد الحافظ,شرح أدلة تمدد الكون وعلاقة الانزياح الأحمر بعامل القياس، ثم قراءة ﴿وإنا لموسعون﴾ في تفسير الطبري والقرطبي وابن عطية، وحدود المطابقة العلمية.,1,rtl,2687,1,0,[],1,0,not inspected individually,not inspected individually,automated technical audit; editorial spot check by type,no technical fix indicated
https://ahmedalhafiz.com/articles/unwanted-intrusive-thoughts-meaning/,ar,article,articles\unwanted-intrusive-thoughts-meaning\index.html,True,,,,200,https://ahmedalhafiz.com/articles/unwanted-intrusive-thoughts-meaning/,True,https://ahmedalhafiz.com/articles/unwanted-intrusive-thoughts-meaning/,True,{},True,2026-10-02,تأتيني أفكار مخيفة لا أريدها: هل تعني أنني سأفعلها؟ | أحمد الحافظ,هل تعني الأفكار المخيفة أنك تريد فعلها؟ شرح للأفكار الاقتحامية والوسواس والفرق بين الخاطر والنية، مع قراءة لمشهد مريم في رواية أم عباس.,1,rtl,1859,2,0,[],1,0,not inspected individually,not inspected individually,automated technical audit; editorial spot check by type,no technical fix indicated
https://ahmedalhafiz.com/articles/water-civilization-power/,ar,article,articles\water-civilization-power\index.html,True,https://ahmedalhafiz.com/articles/water-civilization-power/,https://ahmedalhafiz.com/en/articles/water-civilization-power/,,200,https://ahmedalhafiz.com/articles/water-civilization-power/,True,https://ahmedalhafiz.com/articles/water-civilization-power/,True,"{""ar"":""https://ahmedalhafiz.com/articles/water-civilization-power/"",""en"":""https://ahmedalhafiz.com/en/articles/water-civilization-power/"",""x-default"":""https://ahmedalhafiz.com/articles/water-civilization-power/""}",True,2026-09-27,الماء والحضارة والسلطة: العدل أم السيطرة؟ | أحمد الحافظ,ملف بحثي ثنائي اللغة عن الماء والحضارة والسلطة: ست طبقات تربط المورد بالبنية والبيانات والتوزيع والمساءلة والصيانة، مع أدلة من مأرب والرافدين وحوكمة المياه.,1,rtl,3985,3,0,[],1,0,not inspected individually,not inspected individually,automated technical audit; editorial spot check by type,no technical fix indicated
https://ahmedalhafiz.com/articles/water-civilization-power/evidence/,ar,evidence,articles\water-civilization-power\evidence\index.html,True,https://ahmedalhafiz.com/articles/water-civilization-power/evidence/,https://ahmedalhafiz.com/en/articles/water-civilization-power/evidence/,,200,https://ahmedalhafiz.com/articles/water-civilization-power/evidence/,True,https://ahmedalhafiz.com/articles/water-civilization-power/evidence/,True,"{""ar"":""https://ahmedalhafiz.com/articles/water-civilization-power/evidence/"",""en"":""https://ahmedalhafiz.com/en/articles/water-civilization-power/evidence/"",""x-default"":""https://ahmedalhafiz.com/articles/water-civilization-power/evidence/""}",True,2026-09-02,ملحق الادعاءات والأدلة: الماء والحضارة والسلطة | أحمد الحافظ,سجل قابل للفحص لعشرة ادعاءات في ملف الماء والحضارة والسلطة: الأدلة، درجات الثقة، الحدود، وما الذي قد يغير كل نتيجة.,1,rtl,1758,2,0,[],1,0,not inspected individually,not inspected individually,automated technical audit; editorial spot check by type,no technical fix indicated
https://ahmedalhafiz.com/articles/water-life-molecular-properties/,ar,article,articles\water-life-molecular-properties\index.html,True,,,,200,https://ahmedalhafiz.com/articles/water-life-molecular-properties/,True,https://ahmedalhafiz.com/articles/water-life-molecular-properties/,True,{},True,2026-09-30,لماذا الماء أساس الحياة؟ تفسير الآية وعلم الخلية | أحمد الحافظ,من تفسير ﴿وجعلنا من الماء كل شيء حي﴾ إلى قطبية الماء والأغشية والبروتينات وفرق البروتونات: لماذا تحتاج الحياة إلى الماء، ولماذا لا يكفي وحده لتفسير نشأتها؟,1,rtl,3211,2,0,[],1,0,not inspected individually,not inspected individually,automated technical audit; editorial spot check by type,no technical fix indicated
https://ahmedalhafiz.com/articles/writing-changed-human-history/,ar,article,articles\writing-changed-human-history\index.html,True,,,,200,https://ahmedalhafiz.com/articles/writing-changed-human-history/,True,https://ahmedalhafiz.com/articles/writing-changed-human-history/,True,{},True,2026-09-29,لماذا غيّرت الكتابة تاريخ الإنسان؟ | أحمد الحافظ,كيف جعلت الكتابة المعرفة قابلة للحفظ والنقد والتراكم؟ من ألواح الرافدين وبردية رند إلى بغداد، مع قراءة قرآنية للقلم والبيان وحدود أسطورة دجلة والحبر.,1,rtl,2674,1,0,[],1,0,not inspected individually,not inspected individually,automated technical audit; editorial spot check by type,no technical fix indicated
https://ahmedalhafiz.com/books/,ar,book-index,books\index.html,True,https://ahmedalhafiz.com/books/,https://ahmedalhafiz.com/en/books/,https://ahmedalhafiz.com/de/books/,200,https://ahmedalhafiz.com/books/,True,https://ahmedalhafiz.com/books/,True,"{""ar"":""https://ahmedalhafiz.com/books/"",""en"":""https://ahmedalhafiz.com/en/books/"",""de"":""https://ahmedalhafiz.com/de/books/"",""x-default"":""https://ahmedalhafiz.com/books/""}",True,2026-09-26,مؤلفات أحمد الحافظ | الروايات والكتب الفكرية الرسمية,الصفحة الرسمية لمؤلفات الكاتب أحمد الحافظ — Ahmed Alhafiz: روايات وكتب فكرية قيد الإصدار مع صفحات موثقة لكل عمل وحالته الحالية.,1,rtl,163,5,0,[],1,0,not inspected individually,not inspected individually,manual type review plus automated,no technical fix indicated
https://ahmedalhafiz.com/books/juhayman/,ar,book,books\juhayman\index.html,True,https://ahmedalhafiz.com/books/juhayman/,https://ahmedalhafiz.com/en/books/juhayman/,https://ahmedalhafiz.com/de/books/juhayman/,200,https://ahmedalhafiz.com/books/juhayman/,True,https://ahmedalhafiz.com/books/juhayman/,True,"{""ar"":""https://ahmedalhafiz.com/books/juhayman/"",""en"":""https://ahmedalhafiz.com/en/books/juhayman/"",""de"":""https://ahmedalhafiz.com/de/books/juhayman/"",""x-default"":""https://ahmedalhafiz.com/books/juhayman/""}",True,2026-09-26,جُهَيْمَان — خوارج بين الركن والمقام | أحمد الحافظ,الصفحة الرسمية لرواية جُهَيْمَان — خوارج بين الركن والمقام لأحمد الحافظ، رواية تاريخية دينية قيد الإصدار عن حادثة الحرم 1979 ومسارات الغلو والتأويل.,1,rtl,293,2,0,[],1,0,not inspected individually,not inspected individually,automated technical audit; editorial spot check by type,no technical fix indicated
https://ahmedalhafiz.com/books/kitab-al-kutub/,ar,book,books\kitab-al-kutub\index.html,True,https://ahmedalhafiz.com/books/kitab-al-kutub/,https://ahmedalhafiz.com/en/books/kitab-al-kutub/,https://ahmedalhafiz.com/de/books/kitab-al-kutub/,200,https://ahmedalhafiz.com/books/kitab-al-kutub/,True,https://ahmedalhafiz.com/books/kitab-al-kutub/,True,"{""ar"":""https://ahmedalhafiz.com/books/kitab-al-kutub/"",""en"":""https://ahmedalhafiz.com/en/books/kitab-al-kutub/"",""de"":""https://ahmedalhafiz.com/de/books/kitab-al-kutub/"",""x-default"":""https://ahmedalhafiz.com/books/kitab-al-kutub/""}",True,2026-09-26,كتاب الكتب — رواية تاريخية فلسفية | أحمد الحافظ,الصفحة الرسمية لرواية كتاب الكتب لأحمد الحافظ، وهي رواية تاريخية فلسفية قيد الإصدار عن السلطة والذاكرة والكتابة والتحولات الداخلية للمجتمعات.,1,rtl,244,2,0,[],1,0,not inspected individually,not inspected individually,automated technical audit; editorial spot check by type,no technical fix indicated
https://ahmedalhafiz.com/books/sirou-fi-alard/,ar,book,books\sirou-fi-alard\index.html,True,https://ahmedalhafiz.com/books/sirou-fi-alard/,https://ahmedalhafiz.com/en/books/sirou-fi-alard/,https://ahmedalhafiz.com/de/books/sirou-fi-alard/,200,https://ahmedalhafiz.com/books/sirou-fi-alard/,True,https://ahmedalhafiz.com/books/sirou-fi-alard/,True,"{""ar"":""https://ahmedalhafiz.com/books/sirou-fi-alard/"",""en"":""https://ahmedalhafiz.com/en/books/sirou-fi-alard/"",""de"":""https://ahmedalhafiz.com/de/books/sirou-fi-alard/"",""x-default"":""https://ahmedalhafiz.com/books/sirou-fi-alard/""}",True,2026-09-29,قل سيروا في الأرض فانظروا كيف بدأ الخلق | أحمد الحافظ,كتاب فكري ديني قيد الإصدار لأحمد الحافظ عن النظر في الخلق، والعلاقة بين الوحي والعلم، وحدود التفسير والنموذج والاستنتاج.,1,rtl,1565,2,0,[],1,0,not inspected individually,not inspected individually,automated technical audit; editorial spot check by type,no technical fix indicated
https://ahmedalhafiz.com/books/umm-abbas/,ar,book,books\umm-abbas\index.html,True,https://ahmedalhafiz.com/books/umm-abbas/,https://ahmedalhafiz.com/en/books/umm-abbas/,https://ahmedalhafiz.com/de/books/umm-abbas/,200,https://ahmedalhafiz.com/books/umm-abbas/,True,https://ahmedalhafiz.com/books/umm-abbas/,True,"{""ar"":""https://ahmedalhafiz.com/books/umm-abbas/"",""en"":""https://ahmedalhafiz.com/en/books/umm-abbas/"",""de"":""https://ahmedalhafiz.com/de/books/umm-abbas/"",""x-default"":""https://ahmedalhafiz.com/books/umm-abbas/""}",True,2026-10-02,أم عباس لجلب الحبيب ورد المطلقة | مؤلَّف قيد الإصدار — أحمد الحافظ,رواية رعب نفسي قيد الإصدار لأحمد الحافظ تستكشف تشابه الأعراض بين التفسير الروحي والاضطرابات النفسية والعصبية، وكيف يتبدل معنى التجربة بتبدل الزمن والمرجعية.,1,rtl,919,2,0,[],1,0,not inspected individually,submitted once Oct 3; then discovered not crawled,manual type review plus automated,no technical fix indicated
https://ahmedalhafiz.com/de/,de,home,de\index.html,True,https://ahmedalhafiz.com/,https://ahmedalhafiz.com/en/,https://ahmedalhafiz.com/de/,200,https://ahmedalhafiz.com/de/,True,https://ahmedalhafiz.com/de/,True,"{""ar"":""https://ahmedalhafiz.com/"",""en"":""https://ahmedalhafiz.com/en/"",""de"":""https://ahmedalhafiz.com/de/"",""x-default"":""https://ahmedalhafiz.com/""}",True,2026-10-03,أحمد الحافظ — Ahmed Alhafiz | Offizielle Autorenwebsite,"Offizielle Website von Ahmed Alhafiz — أحمد الحافظ: kommende Bücher und Forschung mit Quellen zu Geschichte, Religion, Wissenschaft, Psyche und Gesellschaft.",1,ltr,431,6,0,[],1,0,not inspected individually,indexed on Oct 3 per Bing UI,manual type review plus automated,no technical fix indicated
https://ahmedalhafiz.com/de/about/,de,author,de\about\index.html,True,https://ahmedalhafiz.com/about/,https://ahmedalhafiz.com/en/about/,https://ahmedalhafiz.com/de/about/,200,https://ahmedalhafiz.com/de/about/,True,https://ahmedalhafiz.com/de/about/,True,"{""ar"":""https://ahmedalhafiz.com/about/"",""en"":""https://ahmedalhafiz.com/en/about/"",""de"":""https://ahmedalhafiz.com/de/about/"",""x-default"":""https://ahmedalhafiz.com/about/""}",True,2026-09-23,Ahmed Alhafiz — Schriftsteller und Autor,"Offizielles Profil von Ahmed Alhafiz — أحمد الحافظ: Schreibprojekt, Bücher in Vorbereitung sowie arabische und englische Forschung mit Quellen und Prüfstatus.",1,ltr,404,6,0,[],1,0,not inspected individually,submitted once Oct 3; then discovered not crawled,automated technical audit; editorial spot check by type,no technical fix indicated
https://ahmedalhafiz.com/de/articles/,de,article-index,de\articles\index.html,True,https://ahmedalhafiz.com/articles/,https://ahmedalhafiz.com/en/articles/,https://ahmedalhafiz.com/de/articles/,200,https://ahmedalhafiz.com/de/articles/,True,https://ahmedalhafiz.com/de/articles/,True,"{""ar"":""https://ahmedalhafiz.com/articles/"",""en"":""https://ahmedalhafiz.com/en/articles/"",""de"":""https://ahmedalhafiz.com/de/articles/"",""x-default"":""https://ahmedalhafiz.com/articles/""}",True,2026-09-26,Forschungsdossiers und Quellenanalysen | Ahmed Alhafiz,"Deutschsprachige Forschung von Ahmed Alhafiz mit nachvollziehbaren Quellen, klaren Grenzen, Versionsstand und ausgewiesenem Prüfstatus.",1,ltr,399,1,0,[],1,0,not inspected individually,not inspected individually,automated technical audit; editorial spot check by type,no technical fix indicated
https://ahmedalhafiz.com/de/articles/dschuhaiman-grosse-moschee-1979/,de,article,de\articles\dschuhaiman-grosse-moschee-1979\index.html,True,https://ahmedalhafiz.com/articles/juhayman-grand-mosque-1979/,https://ahmedalhafiz.com/en/articles/juhayman-grand-mosque-1979/,https://ahmedalhafiz.com/de/articles/dschuhaiman-grosse-moschee-1979/,200,https://ahmedalhafiz.com/de/articles/dschuhaiman-grosse-moschee-1979/,True,https://ahmedalhafiz.com/de/articles/dschuhaiman-grosse-moschee-1979/,True,"{""ar"":""https://ahmedalhafiz.com/articles/juhayman-grand-mosque-1979/"",""en"":""https://ahmedalhafiz.com/en/articles/juhayman-grand-mosque-1979/"",""de"":""https://ahmedalhafiz.com/de/articles/dschuhaiman-grosse-moschee-1979/"",""x-default"":""https://ahmedalhafiz.com/articles/juhayman-grand-mosque-1979/""}",True,2026-09-25,Dschuhaiman und die Große Moschee 1979 | Ahmed Alhafiz,"Eine quellenbasierte Einführung zur Besetzung der Großen Moschee 1979, Dschuhaiman, al-Qahtani und den umstrittenen Angaben.",1,ltr,1660,1,0,[],1,0,not inspected individually,not inspected individually,automated technical audit; editorial spot check by type,no technical fix indicated
https://ahmedalhafiz.com/de/articles/fall-von-bagdad-1258-ibn-al-alqami/,de,article,de\articles\fall-von-bagdad-1258-ibn-al-alqami\index.html,True,https://ahmedalhafiz.com/articles/fall-of-baghdad-1258-ibn-al-alqami/,https://ahmedalhafiz.com/en/articles/fall-of-baghdad-1258-ibn-al-alqami/,https://ahmedalhafiz.com/de/articles/fall-von-bagdad-1258-ibn-al-alqami/,200,https://ahmedalhafiz.com/de/articles/fall-von-bagdad-1258-ibn-al-alqami/,True,https://ahmedalhafiz.com/de/articles/fall-von-bagdad-1258-ibn-al-alqami/,True,"{""ar"":""https://ahmedalhafiz.com/articles/fall-of-baghdad-1258-ibn-al-alqami/"",""en"":""https://ahmedalhafiz.com/en/articles/fall-of-baghdad-1258-ibn-al-alqami/"",""de"":""https://ahmedalhafiz.com/de/articles/fall-von-bagdad-1258-ibn-al-alqami/"",""x-default"":""https://ahmedalhafiz.com/articles/fall-of-baghdad-1258-ibn-al-alqami/""}",True,2026-09-25,Warum Bagdad 1258 fiel | Ahmed Alhafiz,"Eine quellenbasierte Untersuchung zu Bagdads Fall, Hülegüs Feldzug und den umstrittenen Vorwürfen gegen Ibn al-Alqami.",1,ltr,2736,1,0,[],1,0,not inspected individually,not inspected individually,automated technical audit; editorial spot check by type,no technical fix indicated
https://ahmedalhafiz.com/de/articles/possession-or-neurological-psychological-disorder/,de,article,de\articles\possession-or-neurological-psychological-disorder\index.html,True,https://ahmedalhafiz.com/articles/possession-or-neurological-psychological-disorder/,https://ahmedalhafiz.com/en/articles/possession-or-neurological-psychological-disorder/,https://ahmedalhafiz.com/de/articles/possession-or-neurological-psychological-disorder/,200,https://ahmedalhafiz.com/de/articles/possession-or-neurological-psychological-disorder/,True,https://ahmedalhafiz.com/de/articles/possession-or-neurological-psychological-disorder/,True,"{""ar"":""https://ahmedalhafiz.com/articles/possession-or-neurological-psychological-disorder/"",""en"":""https://ahmedalhafiz.com/en/articles/possession-or-neurological-psychological-disorder/"",""de"":""https://ahmedalhafiz.com/de/articles/possession-or-neurological-psychological-disorder/"",""x-default"":""https://ahmedalhafiz.com/articles/possession-or-neurological-psychological-disorder/""}",True,2026-09-23,"Besessenheit, Psyche oder Neurologie? | Ahmed Alhafiz","Ein quellenbasierter Leitfaden: Warum als Besessenheit gedeutete Erfahrungen psychischen, neurologischen oder schlafbezogenen Störungen ähneln können.",1,ltr,1820,1,0,[],1,0,not inspected individually,not inspected individually,automated technical audit; editorial spot check by type,no technical fix indicated
https://ahmedalhafiz.com/de/articles/wie-gewissheit-zu-gewalt-wird/,de,article,de\articles\wie-gewissheit-zu-gewalt-wird\index.html,True,https://ahmedalhafiz.com/articles/how-certainty-becomes-violence/,https://ahmedalhafiz.com/en/articles/how-certainty-becomes-violence/,https://ahmedalhafiz.com/de/articles/wie-gewissheit-zu-gewalt-wird/,200,https://ahmedalhafiz.com/de/articles/wie-gewissheit-zu-gewalt-wird/,True,https://ahmedalhafiz.com/de/articles/wie-gewissheit-zu-gewalt-wird/,True,"{""ar"":""https://ahmedalhafiz.com/articles/how-certainty-becomes-violence/"",""en"":""https://ahmedalhafiz.com/en/articles/how-certainty-becomes-violence/"",""de"":""https://ahmedalhafiz.com/de/articles/wie-gewissheit-zu-gewalt-wird/"",""x-default"":""https://ahmedalhafiz.com/articles/how-certainty-becomes-violence/""}",True,2026-09-25,Wie Gruppen-Gewissheit zu Gewalt wird | Ahmed Alhafiz,"Ein quellenbasierter Leitfaden zu sieben sozialen und psychologischen Mechanismen, die geschlossene Gruppen-Gewissheit in Gewalt überführen können.",1,ltr,1623,1,0,[],1,0,not inspected individually,not inspected individually,automated technical audit; editorial spot check by type,no technical fix indicated
https://ahmedalhafiz.com/de/books/,de,book-index,de\books\index.html,True,https://ahmedalhafiz.com/books/,https://ahmedalhafiz.com/en/books/,https://ahmedalhafiz.com/de/books/,200,https://ahmedalhafiz.com/de/books/,True,https://ahmedalhafiz.com/de/books/,True,"{""ar"":""https://ahmedalhafiz.com/books/"",""en"":""https://ahmedalhafiz.com/en/books/"",""de"":""https://ahmedalhafiz.com/de/books/"",""x-default"":""https://ahmedalhafiz.com/books/""}",True,2026-09-26,Bücher von Ahmed Alhafiz | Offizielle Autorenbibliografie,Die offizielle Bibliografie von Ahmed Alhafiz: Romane und Sachbücher in Vorbereitung mit verifizierten Werkseiten und transparentem Publikationsstatus.,1,ltr,136,5,0,[],1,0,not inspected individually,not inspected individually,automated technical audit; editorial spot check by type,no technical fix indicated
https://ahmedalhafiz.com/de/books/juhayman/,de,book,de\books\juhayman\index.html,True,https://ahmedalhafiz.com/books/juhayman/,https://ahmedalhafiz.com/en/books/juhayman/,https://ahmedalhafiz.com/de/books/juhayman/,200,https://ahmedalhafiz.com/de/books/juhayman/,True,https://ahmedalhafiz.com/de/books/juhayman/,True,"{""ar"":""https://ahmedalhafiz.com/books/juhayman/"",""en"":""https://ahmedalhafiz.com/en/books/juhayman/"",""de"":""https://ahmedalhafiz.com/de/books/juhayman/"",""x-default"":""https://ahmedalhafiz.com/books/juhayman/""}",True,2026-09-26,Juhayman — Charidschiten zwischen Rukn und Maqam | Ahmed Alhafiz,Offizielle Seite zu Ahmed Alhafiz’ Roman Juhayman — Charidschiten zwischen Rukn und Maqam über die Besetzung der Großen Moschee 1979.,1,ltr,251,2,0,[],1,0,not inspected individually,not inspected individually,automated technical audit; editorial spot check by type,no technical fix indicated
https://ahmedalhafiz.com/de/books/kitab-al-kutub/,de,book,de\books\kitab-al-kutub\index.html,True,https://ahmedalhafiz.com/books/kitab-al-kutub/,https://ahmedalhafiz.com/en/books/kitab-al-kutub/,https://ahmedalhafiz.com/de/books/kitab-al-kutub/,200,https://ahmedalhafiz.com/de/books/kitab-al-kutub/,True,https://ahmedalhafiz.com/de/books/kitab-al-kutub/,True,"{""ar"":""https://ahmedalhafiz.com/books/kitab-al-kutub/"",""en"":""https://ahmedalhafiz.com/en/books/kitab-al-kutub/"",""de"":""https://ahmedalhafiz.com/de/books/kitab-al-kutub/"",""x-default"":""https://ahmedalhafiz.com/books/kitab-al-kutub/""}",True,2026-09-26,Kitab al-Kutub — Das Buch der Bücher | Ahmed Alhafiz,"Ein historisch-philosophischer Roman in Vorbereitung über Macht, Erinnerung, Schreiben und inneren Zerfall.",1,ltr,214,2,0,[],1,0,not inspected individually,not inspected individually,automated technical audit; editorial spot check by type,no technical fix indicated
https://ahmedalhafiz.com/de/books/sirou-fi-alard/,de,book,de\books\sirou-fi-alard\index.html,True,https://ahmedalhafiz.com/books/sirou-fi-alard/,https://ahmedalhafiz.com/en/books/sirou-fi-alard/,https://ahmedalhafiz.com/de/books/sirou-fi-alard/,200,https://ahmedalhafiz.com/de/books/sirou-fi-alard/,True,https://ahmedalhafiz.com/de/books/sirou-fi-alard/,True,"{""ar"":""https://ahmedalhafiz.com/books/sirou-fi-alard/"",""en"":""https://ahmedalhafiz.com/en/books/sirou-fi-alard/"",""de"":""https://ahmedalhafiz.com/de/books/sirou-fi-alard/"",""x-default"":""https://ahmedalhafiz.com/books/sirou-fi-alard/""}",True,2026-09-02,Sirou fi al-Ard — Reist durch die Erde | Ahmed Alhafiz,"Ein religiös-intellektuelles Buch von Ahmed Alhafiz über Schöpfung, Offenbarung, Wissenschaft und die Grenzen menschlicher Deutung.",1,ltr,290,2,0,[],1,0,not inspected individually,not inspected individually,automated technical audit; editorial spot check by type,no technical fix indicated
https://ahmedalhafiz.com/de/books/umm-abbas/,de,book,de\books\umm-abbas\index.html,True,https://ahmedalhafiz.com/books/umm-abbas/,https://ahmedalhafiz.com/en/books/umm-abbas/,https://ahmedalhafiz.com/de/books/umm-abbas/,200,https://ahmedalhafiz.com/de/books/umm-abbas/,True,https://ahmedalhafiz.com/de/books/umm-abbas/,True,"{""ar"":""https://ahmedalhafiz.com/books/umm-abbas/"",""en"":""https://ahmedalhafiz.com/en/books/umm-abbas/"",""de"":""https://ahmedalhafiz.com/de/books/umm-abbas/"",""x-default"":""https://ahmedalhafiz.com/books/umm-abbas/""}",True,2026-09-23,Umm Abbas — Psychologischer Horrorroman | Ahmed Alhafiz,"Ein arabischer psychologischer Horrorroman von Ahmed Alhafiz über Symptome zwischen neurologischer, psychischer und spiritueller Deutung.",1,ltr,366,2,0,[],1,0,not inspected individually,not inspected individually,automated technical audit; editorial spot check by type,no technical fix indicated
https://ahmedalhafiz.com/en/,en,home,en\index.html,True,https://ahmedalhafiz.com/,https://ahmedalhafiz.com/en/,https://ahmedalhafiz.com/de/,200,https://ahmedalhafiz.com/en/,True,https://ahmedalhafiz.com/en/,True,"{""ar"":""https://ahmedalhafiz.com/"",""en"":""https://ahmedalhafiz.com/en/"",""de"":""https://ahmedalhafiz.com/de/"",""x-default"":""https://ahmedalhafiz.com/""}",True,2026-10-03,أحمد الحافظ — Ahmed Alhafiz | Official Author Website,"The official website of writer Ahmed Alhafiz — أحمد الحافظ: forthcoming books and source-backed research in history, religion, science, psychology, and society.",1,ltr,986,8,0,[],1,0,not inspected individually,submitted once Oct 3; then discovered not crawled,manual type review plus automated,no technical fix indicated
https://ahmedalhafiz.com/en/about/,en,author,en\about\index.html,True,https://ahmedalhafiz.com/about/,https://ahmedalhafiz.com/en/about/,https://ahmedalhafiz.com/de/about/,200,https://ahmedalhafiz.com/en/about/,True,https://ahmedalhafiz.com/en/about/,True,"{""ar"":""https://ahmedalhafiz.com/about/"",""en"":""https://ahmedalhafiz.com/en/about/"",""de"":""https://ahmedalhafiz.com/de/about/"",""x-default"":""https://ahmedalhafiz.com/about/""}",True,2026-09-23,Ahmed Alhafiz — Author | Official Profile,"Official English profile of Ahmed Alhafiz — أحمد الحافظ: his writing project, forthcoming books, and bilingual evidence-led research dossiers.",1,ltr,568,6,0,[],1,0,not inspected individually,submitted once Oct 3; then discovered not crawled,automated technical audit; editorial spot check by type,no technical fix indicated
https://ahmedalhafiz.com/en/articles/,en,article-index,en\articles\index.html,True,https://ahmedalhafiz.com/articles/,https://ahmedalhafiz.com/en/articles/,https://ahmedalhafiz.com/de/articles/,200,https://ahmedalhafiz.com/en/articles/,True,https://ahmedalhafiz.com/en/articles/,True,"{""ar"":""https://ahmedalhafiz.com/articles/"",""en"":""https://ahmedalhafiz.com/en/articles/"",""de"":""https://ahmedalhafiz.com/de/articles/"",""x-default"":""https://ahmedalhafiz.com/articles/""}",True,2026-09-26,Research Dossiers and Evidence Briefs | Ahmed Alhafiz,"The research collection of Ahmed Alhafiz: Arabic and English dossiers with clear claims, sources, limits, versions, and review status.",1,ltr,658,1,0,[],1,0,not inspected individually,not inspected individually,automated technical audit; editorial spot check by type,sync updated dates; pending PR
https://ahmedalhafiz.com/en/articles/diagnostic-uncertainty-family-fear-coercive-authority/,en,article,en\articles\diagnostic-uncertainty-family-fear-coercive-authority\index.html,True,https://ahmedalhafiz.com/articles/diagnostic-uncertainty-family-fear-coercive-authority/,https://ahmedalhafiz.com/en/articles/diagnostic-uncertainty-family-fear-coercive-authority/,,200,https://ahmedalhafiz.com/en/articles/diagnostic-uncertainty-family-fear-coercive-authority/,True,https://ahmedalhafiz.com/en/articles/diagnostic-uncertainty-family-fear-coercive-authority/,True,"{""ar"":""https://ahmedalhafiz.com/articles/diagnostic-uncertainty-family-fear-coercive-authority/"",""en"":""https://ahmedalhafiz.com/en/articles/diagnostic-uncertainty-family-fear-coercive-authority/"",""x-default"":""https://ahmedalhafiz.com/articles/diagnostic-uncertainty-family-fear-coercive-authority/""}",True,2026-09-02,When Fear Decides Before Diagnosis | Ahmed Alhafiz,"Evidence-led analysis of how family fear can turn diagnostic uncertainty into premature certainty, coercion, and delayed care—and how to interrupt the chain.",1,ltr,3507,4,0,[],1,0,not inspected individually,not inspected individually,automated technical audit; editorial spot check by type,no technical fix indicated
https://ahmedalhafiz.com/en/articles/diagnostic-uncertainty-family-fear-coercive-authority/evidence/,en,evidence,en\articles\diagnostic-uncertainty-family-fear-coercive-authority\evidence\index.html,True,https://ahmedalhafiz.com/articles/diagnostic-uncertainty-family-fear-coercive-authority/evidence/,https://ahmedalhafiz.com/en/articles/diagnostic-uncertainty-family-fear-coercive-authority/evidence/,,200,https://ahmedalhafiz.com/en/articles/diagnostic-uncertainty-family-fear-coercive-authority/evidence/,True,https://ahmedalhafiz.com/en/articles/diagnostic-uncertainty-family-fear-coercive-authority/evidence/,True,"{""ar"":""https://ahmedalhafiz.com/articles/diagnostic-uncertainty-family-fear-coercive-authority/evidence/"",""en"":""https://ahmedalhafiz.com/en/articles/diagnostic-uncertainty-family-fear-coercive-authority/evidence/"",""x-default"":""https://ahmedalhafiz.com/articles/diagnostic-uncertainty-family-fear-coercive-authority/evidence/""}",True,2026-09-02,Fear Before Diagnosis: Claim & Evidence Register | Ahmed Alhafiz,"A register linking 14 claims to 19 sources, confidence labels, and caveats, distinguishing official guidance, contextual evidence, and author synthesis.",1,ltr,841,1,0,[],1,0,not inspected individually,not inspected individually,automated technical audit; editorial spot check by type,no technical fix indicated
https://ahmedalhafiz.com/en/articles/fall-of-baghdad-1258-ibn-al-alqami/,en,article,en\articles\fall-of-baghdad-1258-ibn-al-alqami\index.html,True,https://ahmedalhafiz.com/articles/fall-of-baghdad-1258-ibn-al-alqami/,https://ahmedalhafiz.com/en/articles/fall-of-baghdad-1258-ibn-al-alqami/,https://ahmedalhafiz.com/de/articles/fall-von-bagdad-1258-ibn-al-alqami/,200,https://ahmedalhafiz.com/en/articles/fall-of-baghdad-1258-ibn-al-alqami/,True,https://ahmedalhafiz.com/en/articles/fall-of-baghdad-1258-ibn-al-alqami/,True,"{""ar"":""https://ahmedalhafiz.com/articles/fall-of-baghdad-1258-ibn-al-alqami/"",""en"":""https://ahmedalhafiz.com/en/articles/fall-of-baghdad-1258-ibn-al-alqami/"",""de"":""https://ahmedalhafiz.com/de/articles/fall-von-bagdad-1258-ibn-al-alqami/"",""x-default"":""https://ahmedalhafiz.com/articles/fall-of-baghdad-1258-ibn-al-alqami/""}",True,2026-09-25,Why Baghdad Fell in 1258 | Ahmed Alhafiz,"A source-led inquiry into Baghdad’s fall, Hülegü’s campaign, and the disputed claims about Ibn al-Alqami, secret letters and army cuts.",1,ltr,2844,1,0,[],1,0,0 clicks; 31 impressions Sep 21-29 in GSC URL filter,not inspected individually,manual type review plus automated,improve search title and date; pending PR
https://ahmedalhafiz.com/en/articles/how-certainty-becomes-violence/,en,article,en\articles\how-certainty-becomes-violence\index.html,True,https://ahmedalhafiz.com/articles/how-certainty-becomes-violence/,https://ahmedalhafiz.com/en/articles/how-certainty-becomes-violence/,https://ahmedalhafiz.com/de/articles/wie-gewissheit-zu-gewalt-wird/,200,https://ahmedalhafiz.com/en/articles/how-certainty-becomes-violence/,True,https://ahmedalhafiz.com/en/articles/how-certainty-becomes-violence/,True,"{""ar"":""https://ahmedalhafiz.com/articles/how-certainty-becomes-violence/"",""en"":""https://ahmedalhafiz.com/en/articles/how-certainty-becomes-violence/"",""de"":""https://ahmedalhafiz.com/de/articles/wie-gewissheit-zu-gewalt-wird/"",""x-default"":""https://ahmedalhafiz.com/articles/how-certainty-becomes-violence/""}",True,2026-09-25,How Group Certainty Becomes Violence | Ahmed Alhafiz,A research-led guide to seven social and psychological mechanisms that can move closed group certainty toward violence without reducing it to hate.,1,ltr,1845,1,0,[],1,0,not inspected individually,not inspected individually,automated technical audit; editorial spot check by type,no technical fix indicated
https://ahmedalhafiz.com/en/articles/juhayman-grand-mosque-1979/,en,article,en\articles\juhayman-grand-mosque-1979\index.html,True,https://ahmedalhafiz.com/articles/juhayman-grand-mosque-1979/,https://ahmedalhafiz.com/en/articles/juhayman-grand-mosque-1979/,https://ahmedalhafiz.com/de/articles/dschuhaiman-grosse-moschee-1979/,200,https://ahmedalhafiz.com/en/articles/juhayman-grand-mosque-1979/,True,https://ahmedalhafiz.com/en/articles/juhayman-grand-mosque-1979/,True,"{""ar"":""https://ahmedalhafiz.com/articles/juhayman-grand-mosque-1979/"",""en"":""https://ahmedalhafiz.com/en/articles/juhayman-grand-mosque-1979/"",""de"":""https://ahmedalhafiz.com/de/articles/dschuhaiman-grosse-moschee-1979/"",""x-default"":""https://ahmedalhafiz.com/articles/juhayman-grand-mosque-1979/""}",True,2026-09-25,Juhayman and the 1979 Grand Mosque | Ahmed Alhafiz,"A source-led guide to the 1979 Grand Mosque seizure, separating established facts from disputed claims about Juhayman and al-Qahtani.",1,ltr,1900,1,0,[],1,0,not inspected individually,not inspected individually,automated technical audit; editorial spot check by type,no technical fix indicated
https://ahmedalhafiz.com/en/articles/possession-or-neurological-psychological-disorder/,en,article,en\articles\possession-or-neurological-psychological-disorder\index.html,True,https://ahmedalhafiz.com/articles/possession-or-neurological-psychological-disorder/,https://ahmedalhafiz.com/en/articles/possession-or-neurological-psychological-disorder/,https://ahmedalhafiz.com/de/articles/possession-or-neurological-psychological-disorder/,200,https://ahmedalhafiz.com/en/articles/possession-or-neurological-psychological-disorder/,True,https://ahmedalhafiz.com/en/articles/possession-or-neurological-psychological-disorder/,True,"{""ar"":""https://ahmedalhafiz.com/articles/possession-or-neurological-psychological-disorder/"",""en"":""https://ahmedalhafiz.com/en/articles/possession-or-neurological-psychological-disorder/"",""de"":""https://ahmedalhafiz.com/de/articles/possession-or-neurological-psychological-disorder/"",""x-default"":""https://ahmedalhafiz.com/articles/possession-or-neurological-psychological-disorder/""}",True,2026-09-23,Possession or Mental Illness? Why Symptoms Overlap | Ahmed Alhafiz,"Why possession-like experiences can resemble mental, neurological, or sleep disorders—and why symptoms alone cannot determine their cause.",1,ltr,1848,1,0,[],1,0,not inspected individually,not inspected individually,automated technical audit; editorial spot check by type,no technical fix indicated
https://ahmedalhafiz.com/en/articles/ratq-fatq-big-bang/,en,article,en\articles\ratq-fatq-big-bang\index.html,True,https://ahmedalhafiz.com/articles/ratq-fatq-big-bang/,https://ahmedalhafiz.com/en/articles/ratq-fatq-big-bang/,,200,https://ahmedalhafiz.com/en/articles/ratq-fatq-big-bang/,True,https://ahmedalhafiz.com/en/articles/ratq-fatq-big-bang/,True,"{""ar"":""https://ahmedalhafiz.com/articles/ratq-fatq-big-bang/"",""en"":""https://ahmedalhafiz.com/en/articles/ratq-fatq-big-bang/"",""x-default"":""https://ahmedalhafiz.com/en/articles/ratq-fatq-big-bang/""}",True,2026-09-02,"Ratq, Fatq, and the Big Bang: Text and Evidence | Ahmed Alhafiz","A layered inquiry into Qur’an 21:30, classical exegesis, and hot Big Bang cosmology, separating text, observation, model, and metaphysical inference.",1,ltr,2784,3,0,[],1,0,not inspected individually,not inspected individually,automated technical audit; editorial spot check by type,correct al-Tabari editorial nuance and date; pending PR
https://ahmedalhafiz.com/en/articles/ratq-fatq-big-bang/evidence/,en,evidence,en\articles\ratq-fatq-big-bang\evidence\index.html,True,https://ahmedalhafiz.com/articles/ratq-fatq-big-bang/evidence/,https://ahmedalhafiz.com/en/articles/ratq-fatq-big-bang/evidence/,,200,https://ahmedalhafiz.com/en/articles/ratq-fatq-big-bang/evidence/,True,https://ahmedalhafiz.com/en/articles/ratq-fatq-big-bang/evidence/,True,"{""ar"":""https://ahmedalhafiz.com/articles/ratq-fatq-big-bang/evidence/"",""en"":""https://ahmedalhafiz.com/en/articles/ratq-fatq-big-bang/evidence/"",""x-default"":""https://ahmedalhafiz.com/en/articles/ratq-fatq-big-bang/evidence/""}",True,2026-09-06,"Claim and Evidence Appendix: Ratq, Fatq, Big Bang | Ahmed Alhafiz","The claim and evidence ledger for the Ratq, Fatq, and Big Bang dossier: source type, confidence, caveats, objections, and machine-readable metadata.",1,ltr,780,2,0,[],1,0,not inspected individually,not inspected individually,automated technical audit; editorial spot check by type,no technical fix indicated
https://ahmedalhafiz.com/en/articles/teaching-names-ai-understanding/,en,article,en\articles\teaching-names-ai-understanding\index.html,True,https://ahmedalhafiz.com/articles/teaching-names-ai-understanding/,https://ahmedalhafiz.com/en/articles/teaching-names-ai-understanding/,,200,https://ahmedalhafiz.com/en/articles/teaching-names-ai-understanding/,True,https://ahmedalhafiz.com/en/articles/teaching-names-ai-understanding/,True,"{""ar"":""https://ahmedalhafiz.com/articles/teaching-names-ai-understanding/"",""en"":""https://ahmedalhafiz.com/en/articles/teaching-names-ai-understanding/"",""x-default"":""https://ahmedalhafiz.com/en/articles/teaching-names-ai-understanding/""}",True,2026-09-03,Teaching the Names and AI: Understanding | Ahmed Alhafiz,"A source-based study of Qur’an 2:30–33, classical exegesis, language models, grounding, causal tests, intention, and limits of machine-understanding claims.",1,ltr,5067,2,0,[],1,0,not inspected individually,not inspected individually,automated technical audit; editorial spot check by type,remove dangling source phrase; pending PR
https://ahmedalhafiz.com/en/articles/water-civilization-power/,en,article,en\articles\water-civilization-power\index.html,True,https://ahmedalhafiz.com/articles/water-civilization-power/,https://ahmedalhafiz.com/en/articles/water-civilization-power/,,200,https://ahmedalhafiz.com/en/articles/water-civilization-power/,True,https://ahmedalhafiz.com/en/articles/water-civilization-power/,True,"{""ar"":""https://ahmedalhafiz.com/articles/water-civilization-power/"",""en"":""https://ahmedalhafiz.com/en/articles/water-civilization-power/"",""x-default"":""https://ahmedalhafiz.com/articles/water-civilization-power/""}",True,2026-09-02,"Water, Civilization and Power: Justice or Control? | Ahmed Alhafiz","A bilingual research dossier on water, civilisation and power, linking resources, infrastructure, data, allocation, accountability, and maintenance.",1,ltr,4343,3,0,[],1,0,not inspected individually,not inspected individually,automated technical audit; editorial spot check by type,no technical fix indicated
https://ahmedalhafiz.com/en/articles/water-civilization-power/evidence/,en,evidence,en\articles\water-civilization-power\evidence\index.html,True,https://ahmedalhafiz.com/articles/water-civilization-power/evidence/,https://ahmedalhafiz.com/en/articles/water-civilization-power/evidence/,,200,https://ahmedalhafiz.com/en/articles/water-civilization-power/evidence/,True,https://ahmedalhafiz.com/en/articles/water-civilization-power/evidence/,True,"{""ar"":""https://ahmedalhafiz.com/articles/water-civilization-power/evidence/"",""en"":""https://ahmedalhafiz.com/en/articles/water-civilization-power/evidence/"",""x-default"":""https://ahmedalhafiz.com/articles/water-civilization-power/evidence/""}",True,2026-09-02,"Water, Civilization & Power: Evidence Appendix | Ahmed Alhafiz","An inspectable ledger for ten claims in Water, Civilization and Power: sources, confidence, limits, and the evidence that could revise each conclusion.",1,ltr,1874,2,0,[],1,0,not inspected individually,not inspected individually,automated technical audit; editorial spot check by type,no technical fix indicated
https://ahmedalhafiz.com/en/books/,en,book-index,en\books\index.html,True,https://ahmedalhafiz.com/books/,https://ahmedalhafiz.com/en/books/,https://ahmedalhafiz.com/de/books/,200,https://ahmedalhafiz.com/en/books/,True,https://ahmedalhafiz.com/en/books/,True,"{""ar"":""https://ahmedalhafiz.com/books/"",""en"":""https://ahmedalhafiz.com/en/books/"",""de"":""https://ahmedalhafiz.com/de/books/"",""x-default"":""https://ahmedalhafiz.com/books/""}",True,2026-09-26,Books by Ahmed Alhafiz | Official Author Bibliography,The official bibliography of Ahmed Alhafiz: forthcoming fiction and nonfiction with verified pages and transparent publication status.,1,ltr,141,5,0,[],1,0,not inspected individually,not inspected individually,automated technical audit; editorial spot check by type,no technical fix indicated
https://ahmedalhafiz.com/en/books/juhayman/,en,book,en\books\juhayman\index.html,True,https://ahmedalhafiz.com/books/juhayman/,https://ahmedalhafiz.com/en/books/juhayman/,https://ahmedalhafiz.com/de/books/juhayman/,200,https://ahmedalhafiz.com/en/books/juhayman/,True,https://ahmedalhafiz.com/en/books/juhayman/,True,"{""ar"":""https://ahmedalhafiz.com/books/juhayman/"",""en"":""https://ahmedalhafiz.com/en/books/juhayman/"",""de"":""https://ahmedalhafiz.com/de/books/juhayman/"",""x-default"":""https://ahmedalhafiz.com/books/juhayman/""}",True,2026-09-26,Juhayman — Kharijites Between the Rukn and the Maqam | Ahmed Alhafiz,"Official page for Ahmed Alhafiz’s forthcoming novel Juhayman — Kharijites Between the Rukn and the Maqam, about the 1979 Grand Mosque seizure.",1,ltr,310,2,0,[],1,0,not inspected individually,not inspected individually,automated technical audit; editorial spot check by type,no technical fix indicated
https://ahmedalhafiz.com/en/books/kitab-al-kutub/,en,book,en\books\kitab-al-kutub\index.html,True,https://ahmedalhafiz.com/books/kitab-al-kutub/,https://ahmedalhafiz.com/en/books/kitab-al-kutub/,https://ahmedalhafiz.com/de/books/kitab-al-kutub/,200,https://ahmedalhafiz.com/en/books/kitab-al-kutub/,True,https://ahmedalhafiz.com/en/books/kitab-al-kutub/,True,"{""ar"":""https://ahmedalhafiz.com/books/kitab-al-kutub/"",""en"":""https://ahmedalhafiz.com/en/books/kitab-al-kutub/"",""de"":""https://ahmedalhafiz.com/de/books/kitab-al-kutub/"",""x-default"":""https://ahmedalhafiz.com/books/kitab-al-kutub/""}",True,2026-09-26,Kitab al-Kutub — The Book of Books | Ahmed Alhafiz,"Official page for Kitab al-Kutub, a forthcoming historical-philosophical novel by Ahmed Alhafiz about power, memory, writing, and inner transformation.",1,ltr,290,2,0,[],1,0,not inspected individually,not inspected individually,automated technical audit; editorial spot check by type,no technical fix indicated
https://ahmedalhafiz.com/en/books/sirou-fi-alard/,en,book,en\books\sirou-fi-alard\index.html,True,https://ahmedalhafiz.com/books/sirou-fi-alard/,https://ahmedalhafiz.com/en/books/sirou-fi-alard/,https://ahmedalhafiz.com/de/books/sirou-fi-alard/,200,https://ahmedalhafiz.com/en/books/sirou-fi-alard/,True,https://ahmedalhafiz.com/en/books/sirou-fi-alard/,True,"{""ar"":""https://ahmedalhafiz.com/books/sirou-fi-alard/"",""en"":""https://ahmedalhafiz.com/en/books/sirou-fi-alard/"",""de"":""https://ahmedalhafiz.com/de/books/sirou-fi-alard/"",""x-default"":""https://ahmedalhafiz.com/books/sirou-fi-alard/""}",True,2026-09-03,Sirou fi al-Ard — Forthcoming Book | Ahmed Alhafiz,"A forthcoming Arabic work by Ahmed Alhafiz on creation, revelation and science, and the boundaries between text, model, and inference.",1,ltr,408,2,0,[],1,0,not inspected individually,not inspected individually,automated technical audit; editorial spot check by type,no technical fix indicated
https://ahmedalhafiz.com/en/books/umm-abbas/,en,book,en\books\umm-abbas\index.html,True,https://ahmedalhafiz.com/books/umm-abbas/,https://ahmedalhafiz.com/en/books/umm-abbas/,https://ahmedalhafiz.com/de/books/umm-abbas/,200,https://ahmedalhafiz.com/en/books/umm-abbas/,True,https://ahmedalhafiz.com/en/books/umm-abbas/,True,"{""ar"":""https://ahmedalhafiz.com/books/umm-abbas/"",""en"":""https://ahmedalhafiz.com/en/books/umm-abbas/"",""de"":""https://ahmedalhafiz.com/de/books/umm-abbas/"",""x-default"":""https://ahmedalhafiz.com/books/umm-abbas/""}",True,2026-09-23,أم عباس لجلب الحبيب ورد المطلقة | Forthcoming book by Ahmed Alhafiz,"An Arabic psychological-horror novel by Ahmed Alhafiz about symptoms interpreted through neurological, psychological, or spiritual frameworks.",1,ltr,492,2,0,[],1,0,not inspected individually,not inspected individually,automated technical audit; editorial spot check by type,no technical fix indicated
https://ahmedalhafiz.com/en/research-status/,en,research-status,en\research-status\index.html,True,https://ahmedalhafiz.com/research-status/,https://ahmedalhafiz.com/en/research-status/,,200,https://ahmedalhafiz.com/en/research-status/,True,https://ahmedalhafiz.com/en/research-status/,True,"{""ar"":""https://ahmedalhafiz.com/research-status/"",""en"":""https://ahmedalhafiz.com/en/research-status/"",""x-default"":""https://ahmedalhafiz.com/research-status/""}",True,2026-10-02,"Review Status, Versions, and Corrections | Ahmed Alhafiz","Public register for Ahmed Alhafiz research: publication type, version, source-review date, external-review status, corrections, and book relationships.",1,ltr,2049,1,0,[],1,0,not inspected individually,not inspected individually,automated technical audit; editorial spot check by type,no technical fix indicated
https://ahmedalhafiz.com/guides/arabic-psychological-horror/,ar,guide,guides\arabic-psychological-horror\index.html,True,,,,200,https://ahmedalhafiz.com/guides/arabic-psychological-horror/,True,https://ahmedalhafiz.com/guides/arabic-psychological-horror/,True,{},True,2026-09-01,روايات رعب نفسي عربية: دليل تحليلي للاختيار والقراءة | أحمد الحافظ,دليل تحليلي يشرح الرعب النفسي العربي، والفرق بينه وبين الرعب الخارق والصدمة، وكيف تختار رواية بحسب مركز الخوف والغموض والعائلة والإدراك.,1,rtl,1167,2,0,[],1,0,not inspected individually,not inspected individually,manual type review plus automated,remove dangling source phrase; pending PR
https://ahmedalhafiz.com/research-status/,ar,research-status,research-status\index.html,True,https://ahmedalhafiz.com/research-status/,https://ahmedalhafiz.com/en/research-status/,,200,https://ahmedalhafiz.com/research-status/,True,https://ahmedalhafiz.com/research-status/,True,"{""ar"":""https://ahmedalhafiz.com/research-status/"",""en"":""https://ahmedalhafiz.com/en/research-status/"",""x-default"":""https://ahmedalhafiz.com/research-status/""}",True,2026-10-02,حالة المراجعة والإصدارات والتصحيحات | أحمد الحافظ,السجل العلني لحالة ملفات أحمد الحافظ البحثية: نوع المادة، النسخة، تاريخ مراجعة المصادر، المراجعة الخارجية، التصحيحات، وصلتها بالمؤلفات.,1,rtl,2114,1,0,[],1,0,not inspected individually,not inspected individually,manual type review plus automated,no technical fix indicated
